Data_Registro;Sexo;Media_Atual;Ano_Anterior;Faculdade_Categoria;Media_2023;Status_Alojamento_2023;Subsidio_2023;Bolsa_Estudo_2023;Horas_Estudo_Adicionais;Frequencia_Festa;Consumo_Alcool;Aulas_Faltas_Alcool;Modulos_Reprovados;Relacionamento_Romantico;Aprovacao_Pais_Alcool;Relacionamento_Pais;Timestamp_Date;Timestamp_Time;AVG_Studying_Hours;AVG_Consumo_Alcool
2024/03/07 5:12:01 pm EET;Female;76;2nd Year;Arts & Social Sciences;72;Private accommodation/ stay with family/friends;R 4001- R 5000;No;8;Only weekends;8;3;0;Yes;Yes;"Very close";2024-03-07;17:12:01.0000000;8;8
2024/03/07 5:12:08 pm EET;Male;89;2nd Year;Economic & Management Sciences;75;Private accommodation/ stay with family/friends;R 7001 - R 8000;Yes (NSFAS, etc...);8;Only weekends;3-5;4;0;No;Yes;"Very close";2024-03-07;17:12:08.0000000;8;4
2024/03/07 5:12:25 pm EET;Male;76;1st Year;AgriSciences;55;Private accommodation/ stay with family/friends;R 4001- R 5000;No;3-5;2;8;3;0;No;Yes;"Very close";2024-03-07;17:12:25.0000000;4;8
2024/03/07 5:12:28 pm EET;Male;89;2nd Year;Engineering;84;Private accommodation/ stay with family/friends;R 6001 - R 7000;No;3-5;3;8;2;0;Yes;Yes;"Very close";2024-03-07;17:12:28.0000000;4;8
2024/03/07 5:13:00 pm EET;Female;74;2nd Year;Arts & Social Sciences;52;Private accommodation/ stay with family/friends;R 4001- R 5000;No;3-5;Only weekends;5-8;1;3;No;Yes;"Fair";2024-03-07;17:13:00.0000000;4;6,5
2024/03/07 5:13:18 pm EET;Male;83;;Engineering;;Private accommodation/ stay with family/friends;R 6001 - R 7000;No;8;4;3-5;3;1;Yes;Yes;"Very close";2024-03-07;17:13:18.0000000;8;4
2024/03/07 5:13:22 pm EET;Male;80;2nd Year;Economic & Management Sciences;54;Private accommodation/ stay with family/friends;R 5001 - R 6000;No;8;2;5-8;1;0;No;Yes;"Very close";2024-03-07;17:13:22.0000000;8;6,5
2024/03/07 5:13:26 pm EET;Female;85;2nd Year;Arts & Social Sciences;75;Private accommodation/ stay with family/friends;R 5001 - R 6000;No;3-5;3;3-5;2;0;Yes;Yes;"Very close";2024-03-07;17:13:26.0000000;4;4
2024/03/07 5:13:28 pm EET;Male;89;;Engineering;;;R 5001 - R 6000;No;8;Only weekends;3-5;0;;No;Yes;"Very close";2024-03-07;17:13:28.0000000;8;4
2024/03/07 5:13:35 pm EET;Male;83;;Science;;;R 6001 - R 7000;No;3-5;3;5-8;4;0;No;Yes;"Close";2024-03-07;17:13:35.0000000;4;6,5
2024/03/07 5:14:04 pm EET;Female;75;;AgriSciences;;;R 4001- R 5000;No;5-8;2;5-8;0;0;No;Yes;"Close";2024-03-07;17:14:04.0000000;6,5;6,5
2024/03/07 5:14:06 pm EET;Female;80;2nd Year;Arts & Social Sciences;75;Private accommodation/ stay with family/friends;R 6001 - R 7000;No;8;3;8;0;0;No;Yes;"Close";2024-03-07;17:14:06.0000000;8;8
2024/03/07 5:14:08 pm EET;Male;79;2nd Year;Economic & Management Sciences;64;Private accommodation/ stay with family/friends;R 5001 - R 6000;No;3-5;2;3-5;2;4;No;Yes;"Very close";2024-03-07;17:14:08.0000000;4;4
2024/03/07 5:14:10 pm EET;Female;72;2nd Year;Economic & Management Sciences;76;Private accommodation/ stay with family/friends;R 6001 - R 7000;No;1-3;1;3-5;0;0;Yes;Yes;"Very close";2024-03-07;17:14:10.0000000;2;4
2024/03/07 5:14:35 pm EET;Male;78;;Science;;;;;3-5;2;5-8;0;0;No;Yes;"Very close";2024-03-07;17:14:35.0000000;4;6,5
2024/03/07 5:14:43 pm EET;Female;87;1st Year;Science;75;Private accommodation/ stay with family/friends;R 4001- R 5000;No;8;Only weekends;1-3;0;0;No;Yes;"Very close";2024-03-07;17:14:43.0000000;8;2
2024/03/07 5:14:50 pm EET;Female;86;;Engineering;;Private accommodation/ stay with family/friends;;No;3-5;1;3-5;0;0;No;Yes;"Fair";2024-03-07;17:14:50.0000000;4;4
2024/03/07 5:14:51 pm EET;Male;74;1st Year;Economic & Management Sciences;65;Private accommodation/ stay with family/friends;R 5001 - R 6000;No;1-3;4;5-8;0;0;Yes;Yes;"Very close";2024-03-07;17:14:51.0000000;2;6,5
2024/03/07 5:15:05 pm EET;Female;83;;Medicine and Health Services;;Private accommodation/ stay with family/friends;;No;8;Only weekends;1-3;0;0;Yes;Yes;"Very close";2024-03-07;17:15:05.0000000;8;2
2024/03/07 5:15:08 pm EET;Male;69;2nd Year;Arts & Social Sciences;55;Private accommodation/ stay with family/friends;R 6001 - R 7000;No;5-8;Only weekends;5-8;3;3;No;Yes;"Very close";2024-03-07;17:15:08.0000000;6,5;6,5
2024/03/07 5:15:13 pm EET;Male;79;2nd Year;Economic & Management Sciences;54;Non-private accommodation ie. Res;R 5001 - R 6000;No;5-8;2;0;0;1;No;Yes;"Fair";2024-03-07;17:15:13.0000000;6,5;0
2024/03/07 5:15:43 pm EET;Male;80;2nd Year;Engineering;62;Private accommodation/ stay with family/friends;R 4001- R 5000;Yes (NSFAS, etc...);8;Only weekends;5-8;0;2;No;Yes;"Very close";2024-03-07;17:15:43.0000000;8;6,5
2024/03/07 5:15:47 pm EET;Female;73;2nd Year;Arts & Social Sciences;;Private accommodation/ stay with family/friends;;No;1-3;Only weekends;1-3;0;2;No;No;"Very close";2024-03-07;17:15:47.0000000;2;2
2024/03/07 5:16:06 pm EET;Female;83;2nd Year;Law;55;Private accommodation/ stay with family/friends;R 4001- R 5000;No;1-3;Only weekends;3-5;2;4;No;Yes;"Very close";2024-03-07;17:16:06.0000000;2;4
2024/03/07 5:16:35 pm EET;Female;78;1st Year;Economic & Management Sciences;76;Private accommodation/ stay with family/friends;R 6001 - R 7000;No;8;2;3-5;2;0;No;Yes;"Very close";2024-03-07;17:16:35.0000000;8;4
2024/03/07 5:16:56 pm EET;Male;74;2nd Year;Arts & Social Sciences;65;Private accommodation/ stay with family/friends;R 6001 - R 7000;No;3-5;2;8;2;2;No;Yes;"Very close";2024-03-07;17:16:56.0000000;4;8
2024/03/07 5:17:06 pm EET;Male;83;3rd Year;Engineering;69;Private accommodation/ stay with family/friends;R 5001 - R 6000;No;8;Only weekends;3-5;0;0;Yes;Yes;"Very close";2024-03-07;17:17:06.0000000;8;4
2024/03/07 5:17:09 pm EET;Male;79;2nd Year;Engineering;60;Private accommodation/ stay with family/friends;R 8000+;No;5-8;Only weekends;8;1;3;No;Yes;"Very close";2024-03-07;17:17:09.0000000;6,5;8
2024/03/07 5:17:22 pm EET;Female;83;2nd Year;Economic & Management Sciences;55;Non-private accommodation ie. Res;R 5001 - R 6000;No;8;Only weekends;1-3;0;1;No;Yes;"Very close";2024-03-07;17:17:22.0000000;8;2
2024/03/07 5:17:28 pm EET;Female;79;1st Year;Economic & Management Sciences;74;Private accommodation/ stay with family/friends;R 6001 - R 7000;No;3-5;3;5-8;0;0;No;Yes;"Very close";2024-03-07;17:17:28.0000000;4;6,5
2024/03/07 5:17:39 pm EET;Male;87;2nd Year;Engineering;70;Private accommodation/ stay with family/friends;R 5001 - R 6000;No;8;1;5-8;0;0;No;Yes;"Very close";2024-03-07;17:17:39.0000000;8;6,5
2024/03/07 5:18:18 pm EET;Male;84;1st Year;Engineering;60;Private accommodation/ stay with family/friends;R 4001- R 5000;No;8;Only weekends;5-8;0;0;No;Yes;"Very close";2024-03-07;17:18:18.0000000;8;6,5
2024/03/07 5:18:41 pm EET;Male;84;;Economic & Management Sciences;;Private accommodation/ stay with family/friends;R 5001 - R 6000;No;8;Only weekends;5-8;0;0;No;Yes;"Close";2024-03-07;17:18:41.0000000;8;6,5
2024/03/07 5:18:56 pm EET;Male;86;2nd Year;Economic & Management Sciences;54;Private accommodation/ stay with family/friends;R 5001 - R 6000;No;5-8;1;5-8;2;1;Yes;Yes;"Very close";2024-03-07;17:18:56.0000000;6,5;6,5
2024/03/07 5:19:16 pm EET;Female;80;2nd Year;Science;75;Private accommodation/ stay with family/friends;R 6001 - R 7000;No;8;1;3-5;0;1;Yes;Yes;"Very close";2024-03-07;17:19:16.0000000;8;4
2024/03/07 5:19:55 pm EET;Male;80;1st Year;Economic & Management Sciences;63;Private accommodation/ stay with family/friends;R 4001- R 5000;No;3-5;0;8;2;0;No;Yes;"Very close";2024-03-07;17:19:55.0000000;4;8
2024/03/07 5:19:56 pm EET;Male;78;2nd Year;Economic & Management Sciences;73;Private accommodation/ stay with family/friends;R 5001 - R 6000;No;5-8;2;5-8;2;0;No;Yes;"Very close";2024-03-07;17:19:56.0000000;6,5;6,5
2024/03/07 5:20:04 pm EET;Male;73;1st Year;Economic & Management Sciences;57;Private accommodation/ stay with family/friends;R 5001 - R 6000;No;5-8;1;8;2;3;Yes;Yes;"Close";2024-03-07;17:20:04.0000000;6,5;8
2024/03/07 5:20:31 pm EET;Male;99;2nd Year;Economic & Management Sciences;90;Private accommodation/ stay with family/friends;R 4001- R 5000;No;5-8;Only weekends;3-5;3;4;No;Yes;"Very close";2024-03-07;17:20:31.0000000;6,5;4
2024/03/07 5:20:48 pm EET;Female;82.6;2nd Year;Arts & Social Sciences;75;Private accommodation/ stay with family/friends;R 4001- R 5000;No;8;3;1-3;0;0;Yes;Yes;"Close";2024-03-07;17:20:48.0000000;8;2
2024/03/07 5:20:52 pm EET;Female;78;1st Year;Economic & Management Sciences;78;Private accommodation/ stay with family/friends;R 8000+;No;1-3;3;5-8;2;0;Yes;Yes;"Close";2024-03-07;17:20:52.0000000;2;6,5
2024/03/07 5:20:55 pm EET;Female;65;2nd Year;Economic & Management Sciences;55;Private accommodation/ stay with family/friends;R 4001- R 5000;No;3-5;1;3-5;2;4;Yes;Yes;"Very close";2024-03-07;17:20:55.0000000;4;4
2024/03/07 5:20:57 pm EET;Male;84;2nd Year;Economic & Management Sciences;70;Private accommodation/ stay with family/friends;R 5001 - R 6000;No;1-3;1;8;4;0;Yes;Yes;"Very close";2024-03-07;17:20:57.0000000;2;8
2024/03/07 5:21:41 pm EET;Female;83;;Economic & Management Sciences;;Private accommodation/ stay with family/friends;R 5001 - R 6000;No;1-3;Only weekends;1-3;0;0;No;Yes;"Close";2024-03-07;17:21:41.0000000;2;2
2024/03/07 5:22:13 pm EET;Female;80;;Economic & Management Sciences;;Private accommodation/ stay with family/friends;R 4001- R 5000;No;1-3;Only weekends;1-3;0;0;Yes;Yes;"Very close";2024-03-07;17:22:13.0000000;2;2
2024/03/07 5:22:34 pm EET;Female;80;;Arts & Social Sciences;;Private accommodation/ stay with family/friends;R 5001 - R 6000;No;3-5;2;3-5;2;0;Yes;Yes;"Very close";2024-03-07;17:22:34.0000000;4;4
2024/03/07 5:22:36 pm EET;Male;81;2nd Year;Economic & Management Sciences;60;Private accommodation/ stay with family/friends;R 6001 - R 7000;No;1-3;2;5-8;0;3;Yes;Yes;"Very close";2024-03-07;17:22:36.0000000;2;6,5
2024/03/07 5:22:40 pm EET;Male;76;1st Year;Arts & Social Sciences;61;Private accommodation/ stay with family/friends;R 5001 - R 6000;No;3-5;1;1-3;0;0;Yes;Yes;"Very close";2024-03-07;17:22:40.0000000;4;2
2024/03/07 5:22:44 pm EET;Male;76;2nd Year;Economic & Management Sciences;63;Private accommodation/ stay with family/friends;R 4001- R 5000;No;8;0;5-8;0;0;Yes;Yes;"Close";2024-03-07;17:22:44.0000000;8;6,5
2024/03/07 5:22:59 pm EET;Female;88;1st Year;Economic & Management Sciences;60;Private accommodation/ stay with family/friends;R 5001 - R 6000;No;1-3;1;1-3;0;1;Yes;Yes;"Very close";2024-03-07;17:22:59.0000000;2;2
2024/03/07 5:23:11 pm EET;Male;75;2nd Year;Economic & Management Sciences;57;Private accommodation/ stay with family/friends;R 8000+;No;5-8;Only weekends;1-3;1;2;No;Yes;"Close";2024-03-07;17:23:11.0000000;6,5;2
2024/03/07 5:23:15 pm EET;Male;70;;Economic & Management Sciences;;Private accommodation/ stay with family/friends;R 7001 - R 8000;No;3-5;1;3-5;0;0;No;Yes;"Close";2024-03-07;17:23:15.0000000;4;4
2024/03/07 5:24:22 pm EET;Female;70;1st Year;Economic & Management Sciences;;Non-private accommodation ie. Res;R 4001- R 5000;No;3-5;2;3-5;2;0;Yes;No;"Very close";2024-03-07;17:24:22.0000000;4;4
2024/03/07 5:24:55 pm EET;Male;84;1st Year;Science;74;Non-private accommodation ie. Res;R 4001- R 5000;No;1-3;1;1-3;0;0;No;Yes;"Close";2024-03-07;17:24:55.0000000;2;2
2024/03/07 5:25:13 pm EET;Male;98;1st Year;Engineering;89;Private accommodation/ stay with family/friends;R 4001- R 5000;Yes (NSFAS, etc...);1-3;Only weekends;8;0;4;Yes;No;"Distant";2024-03-07;17:25:13.0000000;2;8
2024/03/07 5:26:08 pm EET;Male;72;2nd Year;Arts & Social Sciences;76;Private accommodation/ stay with family/friends;R 4001- R 5000;No;1-3;1;1-3;0;0;Yes;Yes;"Close";2024-03-07;17:26:08.0000000;2;2
2024/03/07 5:26:12 pm EET;Female;84;1st Year;Medicine and Health Services;80;Non-private accommodation ie. Res;R 6001 - R 7000;No;8;Only weekends;5-8;2;0;No;Yes;"Very close";2024-03-07;17:26:12.0000000;8;6,5
2024/03/07 5:26:29 pm EET;Male;85;2nd Year;Economic & Management Sciences;66;Private accommodation/ stay with family/friends;R 4001- R 5000;Yes (NSFAS, etc...);8;1;8;4;0;Yes;Yes;"Fair";2024-03-07;17:26:29.0000000;8;8
2024/03/07 5:28:19 pm EET;Female;84;1st Year;Medicine and Health Services;80;Private accommodation/ stay with family/friends;R 4001- R 5000;No;1-3;Only weekends;3-5;0;0;No;Yes;"Very close";2024-03-07;17:28:19.0000000;2;4
2024/03/07 5:28:30 pm EET;Female;90;2nd Year;Law;70;Private accommodation/ stay with family/friends;R 5001 - R 6000;No;5-8;Only weekends;3-5;0;3;No;Yes;"Very close";2024-03-07;17:28:30.0000000;6,5;4
2024/03/07 5:30:10 pm EET;Female;72;3rd Year;Education;65;Private accommodation/ stay with family/friends;R 6001 - R 7000;No;3-5;2;5-8;0;1;No;Yes;"Very close";2024-03-07;17:30:10.0000000;4;6,5
2024/03/07 5:30:18 pm EET;Female;78;1st Year;Science;75;Private accommodation/ stay with family/friends;R 4001- R 5000;No;5-8;3;3-5;2;0;No;Yes;"Close";2024-03-07;17:30:18.0000000;6,5;4
2024/03/07 5:31:19 pm EET;Female;83;2nd Year;Engineering;63;Private accommodation/ stay with family/friends;R 4001- R 5000;No;8;Only weekends;3-5;0;0;No;Yes;"Close";2024-03-07;17:31:19.0000000;8;4
2024/03/07 5:31:56 pm EET;Female;85;1st Year;Economic & Management Sciences;80;Private accommodation/ stay with family/friends;R 4001- R 5000;No;8;1;1-3;0;0;Yes;Yes;"Very close";2024-03-07;17:31:56.0000000;8;2
2024/03/07 5:34:04 pm EET;Female;81;2nd Year;Economic & Management Sciences;65;Private accommodation/ stay with family/friends;R 5001 - R 6000;Yes (NSFAS, etc...);8;Only weekends;3-5;1;1;No;Yes;"Very close";2024-03-07;17:34:04.0000000;8;4
2024/03/07 5:35:49 pm EET;Female;84;1st Year;Science;75;Private accommodation/ stay with family/friends;R 4001- R 5000;No;8;1;3-5;3;0;Yes;Yes;"Very close";2024-03-07;17:35:49.0000000;8;4
2024/03/07 5:36:14 pm EET;Male;76;2nd Year;Science;65;Private accommodation/ stay with family/friends;R 7001 - R 8000;No;8;1;0;0;0;Yes;Yes;"Very close";2024-03-07;17:36:14.0000000;8;0
2024/03/07 5:36:30 pm EET;Female;80;2nd Year;Engineering;61;Private accommodation/ stay with family/friends;R 7001 - R 8000;No;3-5;Only weekends;1-3;;0;Yes;Yes;"Close";2024-03-07;17:36:30.0000000;4;2
2024/03/07 5:36:45 pm EET;Female;73;;Arts & Social Sciences;;Private accommodation/ stay with family/friends;R 4001- R 5000;Yes (NSFAS, etc...);3-5;2;1-3;0;0;No;Yes;"Very close";2024-03-07;17:36:45.0000000;4;2
2024/03/07 5:37:16 pm EET;Male;85;4th Year;AgriSciences;76;Private accommodation/ stay with family/friends;R 6001 - R 7000;No;5-8;2;8;0;0;Yes;Yes;"Very close";2024-03-07;17:37:16.0000000;6,5;8
2024/03/07 5:37:18 pm EET;Female;84;2nd Year;Science;65;Non-private accommodation ie. Res;;Yes (NSFAS, etc...);5-8;1;1-3;0;0;Yes;Yes;"Very close";2024-03-07;17:37:18.0000000;6,5;2
2024/03/07 5:39:13 pm EET;Male;85;1st Year;Arts & Social Sciences;58;Private accommodation/ stay with family/friends;R 5001 - R 6000;No;3-5;Only weekends;5-8;2;0;No;Yes;"Very close";2024-03-07;17:39:13.0000000;4;6,5
2024/03/07 5:39:33 pm EET;Female;75;2nd Year;Arts & Social Sciences;;Private accommodation/ stay with family/friends;R 4001- R 5000;Yes (NSFAS, etc...);5-8;Only weekends;1-3;0;2;Yes;;"Very close";2024-03-07;17:39:33.0000000;6,5;2
2024/03/07 5:39:33 pm EET;Female;98.33;2nd Year;Economic & Management Sciences;95.22;Non-private accommodation ie. Res;R 4001- R 5000;No;8;1;0;0;0;No;Yes;"Close";2024-03-07;17:39:33.0000000;8;0
2024/03/07 5:41:22 pm EET;Female;70;1st Year;AgriSciences;60;Private accommodation/ stay with family/friends;R 6001 - R 7000;No;5-8;3;1-3;0;1;No;No;"Very close";2024-03-07;17:41:22.0000000;6,5;2
2024/03/07 5:41:41 pm EET;Male;75;2nd Year;Economic & Management Sciences;65;Private accommodation/ stay with family/friends;R 6001 - R 7000;No;8;1;5-8;0;2;Yes;Yes;"Very close";2024-03-07;17:41:41.0000000;8;6,5
2024/03/07 5:43:23 pm EET;Female;76;2nd Year;Law;60;;R 4001- R 5000;No;1-3;3;5-8;2;0;No;Yes;"Very close";2024-03-07;17:43:23.0000000;2;6,5
2024/03/07 5:43:24 pm EET;Female;87;;Science;;;;;8;Only weekends;1-3;0;0;No;Yes;"Very close";2024-03-07;17:43:24.0000000;8;2
2024/03/07 5:43:30 pm EET;Male;75;2nd Year;Economic & Management Sciences;58;Private accommodation/ stay with family/friends;R 5001 - R 6000;No;3-5;2;8;0;0;Yes;No;"Very close";2024-03-07;17:43:30.0000000;4;8
2024/03/07 5:45:25 pm EET;Male;86;3rd Year;AgriSciences;55;Private accommodation/ stay with family/friends;R 5001 - R 6000;Yes (NSFAS, etc...);1-3;1;8;1;3;No;Yes;"Very close";2024-03-07;17:45:25.0000000;2;8
2024/03/07 5:45:25 pm EET;Female;80;3rd Year;Medicine and Health Services;71;Private accommodation/ stay with family/friends;R 8000+;No;5-8;Only weekends;1-3;0;0;No;Yes;"Very close";2024-03-07;17:45:25.0000000;6,5;2
2024/03/07 5:46:41 pm EET;Female;75;3rd Year;Arts & Social Sciences;60;Private accommodation/ stay with family/friends;R 5001 - R 6000;No;8;1;8;0;0;Yes;Yes;"Very close";2024-03-07;17:46:41.0000000;8;8
2024/03/07 5:46:44 pm EET;Female;75;2nd Year;Economic & Management Sciences;70;Private accommodation/ stay with family/friends;R 8000+;No;5-8;1;5-8;3;0;No;Yes;"Very close";2024-03-07;17:46:44.0000000;6,5;6,5
2024/03/07 5:47:22 pm EET;Female;80;2nd Year;Economic & Management Sciences;60;Private accommodation/ stay with family/friends;R 4001- R 5000;No;8;Only weekends;5-8;0;1;Yes;Yes;"Very close";2024-03-07;17:47:22.0000000;8;6,5
2024/03/07 5:48:23 pm EET;Female;75;3rd Year;Economic & Management Sciences;64;Private accommodation/ stay with family/friends;R 5001 - R 6000;No;8;Only weekends;5-8;0;1;No;Yes;"Very close";2024-03-07;17:48:23.0000000;8;6,5
2024/03/07 5:48:53 pm EET;Female;85;3rd Year;Science;84;Non-private accommodation ie. Res;R 5001 - R 6000;Yes (NSFAS, etc...);8;2;5-8;0;0;Yes;Yes;"Very close";2024-03-07;17:48:53.0000000;8;6,5
2024/03/07 5:49:47 pm EET;Female;79;2nd Year;Economic & Management Sciences;60;Private accommodation/ stay with family/friends;R 5001 - R 6000;No;5-8;1;5-8;1;2;No;Yes;"Very close";2024-03-07;17:49:47.0000000;6,5;6,5
2024/03/07 5:50:11 pm EET;Male;;3rd Year;Medicine and Health Services;61;Non-private accommodation ie. Res;R 4001- R 5000;Yes (NSFAS, etc...);1-3;Only weekends;3-5;0;1;No;Yes;"Very close";2024-03-07;17:50:11.0000000;2;4
2024/03/07 5:50:14 pm EET;Female;78;2nd Year;Law;66;Private accommodation/ stay with family/friends;R 6001 - R 7000;No;3-5;1;5-8;3;1;No;Yes;"Very close";2024-03-07;17:50:14.0000000;4;6,5
2024/03/07 5:50:23 pm EET;Male;65;1st Year;Economic & Management Sciences;65;Private accommodation/ stay with family/friends;R 4001- R 5000;No;3-5;2;3-5;1;0;No;Yes;"Very close";2024-03-07;17:50:23.0000000;4;4
2024/03/07 5:51:04 pm EET;Female;82;2nd Year;Engineering;53;Private accommodation/ stay with family/friends;R 4001- R 5000;No;5-8;1;5-8;2;4;No;Yes;"Very close";2024-03-07;17:51:04.0000000;6,5;6,5
2024/03/07 5:51:05 pm EET;Female;77;1st Year;AgriSciences;62;Private accommodation/ stay with family/friends;R 5001 - R 6000;No;5-8;Only weekends;3-5;0;0;No;Yes;"Very close";2024-03-07;17:51:05.0000000;6,5;4
2024/03/07 5:54:33 pm EET;Female;85;2nd Year;Science;65;Private accommodation/ stay with family/friends;R 7001 - R 8000;No;8;1;5-8;3;0;No;Yes;"Very close";2024-03-07;17:54:33.0000000;8;6,5
2024/03/07 5:54:41 pm EET;Female;81;3rd Year;Arts & Social Sciences;62;Private accommodation/ stay with family/friends;R 8000+;No;5-8;Only weekends;5-8;1;1;Yes;Yes;"Close";2024-03-07;17:54:41.0000000;6,5;6,5
2024/03/07 5:54:53 pm EET;Male;77;2nd Year;Economic & Management Sciences;61;Private accommodation/ stay with family/friends;R 7001 - R 8000;No;8;2;8;1;1;No;Yes;"Very close";2024-03-07;17:54:53.0000000;8;8
2024/03/07 5:55:01 pm EET;Male;82;2nd Year;Economic & Management Sciences;73;Private accommodation/ stay with family/friends;R 4001- R 5000;No;5-8;Only weekends;8;1;0;No;Yes;"Fair";2024-03-07;17:55:01.0000000;6,5;8
2024/03/07 5:55:23 pm EET;Female;73;3rd Year;Economic & Management Sciences;60;Private accommodation/ stay with family/friends;R 5001 - R 6000;No;3-5;3;5-8;1;0;No;Yes;"Close";2024-03-07;17:55:23.0000000;4;6,5
2024/03/07 5:55:49 pm EET;Male;68;;Arts & Social Sciences;;Private accommodation/ stay with family/friends;R 4001- R 5000;No;3-5;1;8;0;0;No;Yes;"Very close";2024-03-07;17:55:49.0000000;4;8
2024/03/07 5:57:46 pm EET;Male;70;2nd Year;Economic & Management Sciences;60;Private accommodation/ stay with family/friends;R 7001 - R 8000;No;3-5;1;3-5;0;0;Yes;Yes;"Very close";2024-03-07;17:57:46.0000000;4;4
2024/03/07 5:58:30 pm EET;Male;75;3rd Year;AgriSciences;64;Private accommodation/ stay with family/friends;R 4001- R 5000;No;3-5;2;3-5;1;0;No;Yes;"Very close";2024-03-07;17:58:30.0000000;4;4
2024/03/07 5:59:04 pm EET;Male;78;2nd Year;Economic & Management Sciences;62;Private accommodation/ stay with family/friends;R 5001 - R 6000;No;8;1;5-8;1;1;No;Yes;"Very close";2024-03-07;17:59:04.0000000;8;6,5
2024/03/07 5:59:28 pm EET;Female;73;1st Year;Arts & Social Sciences;69;Private accommodation/ stay with family/friends;R 6001 - R 7000;No;3-5;2;3-5;0;0;Yes;Yes;"Very close";2024-03-07;17:59:28.0000000;4;4
2024/03/07 5:59:33 pm EET;Male;74;2nd Year;Economic & Management Sciences;57;Private accommodation/ stay with family/friends;R 7001 - R 8000;No;5-8;Only weekends;5-8;2;1;No;No;"Fair";2024-03-07;17:59:33.0000000;6,5;6,5
2024/03/07 6:00:19 pm EET;Male;77;1st Year;Economic & Management Sciences;60;Private accommodation/ stay with family/friends;R 4001- R 5000;No;5-8;Only weekends;1-3;0;0;Yes;No;"Very close";2024-03-07;18:00:19.0000000;6,5;2
2024/03/07 6:00:33 pm EET;Male;66;;Economic & Management Sciences;;Private accommodation/ stay with family/friends;R 4001- R 5000;No;8;3;8;0;0;Yes;Yes;"Very close";2024-03-07;18:00:33.0000000;8;8
2024/03/07 6:00:45 pm EET;Male;80;2nd Year;Engineering;60;Private accommodation/ stay with family/friends;R 8000+;No;0;1;0;4;0;Yes;Yes;"Very close";2024-03-07;18:00:45.0000000;0;0
2024/03/07 6:01:01 pm EET;Female;78;1st Year;Economic & Management Sciences;66;Private accommodation/ stay with family/friends;R 4001- R 5000;Yes (NSFAS, etc...);3-5;Only weekends;5-8;2;3;Yes;No;"Very close";2024-03-07;18:01:01.0000000;4;6,5
2024/03/07 6:02:13 pm EET;Male;75;1st Year;Science;50;Non-private accommodation ie. Res;R 4001- R 5000;No;8;Only weekends;3-5;0;3;No;No;"";2024-03-07;18:02:13.0000000;8;4
2024/03/07 6:02:13 pm EET;Male;72;1st Year;Economic & Management Sciences;70;Private accommodation/ stay with family/friends;R 6001 - R 7000;No;0;1;8;0;0;No;Yes;"Fair";2024-03-07;18:02:13.0000000;0;8
2024/03/07 6:03:28 pm EET;Male;80;3rd Year;Science;65;Private accommodation/ stay with family/friends;R 8000+;No;5-8;1;3-5;0;1;Yes;Yes;"Close";2024-03-07;18:03:28.0000000;6,5;4
2024/03/07 6:03:46 pm EET;Male;75;2nd Year;Economic & Management Sciences;72;Private accommodation/ stay with family/friends;R 5001 - R 6000;No;0;Only weekends;8;4;0;No;Yes;"Close";2024-03-07;18:03:46.0000000;0;8
2024/03/07 6:04:29 pm EET;Female;73;2nd Year;Economic & Management Sciences;62;Private accommodation/ stay with family/friends;R 7001 - R 8000;No;8;2;3-5;1;2;Yes;Yes;"Very close";2024-03-07;18:04:29.0000000;8;4
2024/03/07 6:04:36 pm EET;Female;86;3rd Year;Science;76;Private accommodation/ stay with family/friends;R 4001- R 5000;No;5-8;1;5-8;1;0;No;Yes;"Close";2024-03-07;18:04:36.0000000;6,5;6,5
2024/03/07 6:04:52 pm EET;Male;70;1st Year;AgriSciences;75;Private accommodation/ stay with family/friends;R 5001 - R 6000;No;5-8;Only weekends;5-8;0;0;Yes;Yes;"Very close";2024-03-07;18:04:52.0000000;6,5;6,5
2024/03/07 6:05:33 pm EET;Female;83;1st Year;Economic & Management Sciences;;;R 6001 - R 7000;No;1-3;Only weekends;5-8;0;0;Yes;Yes;"Fair";2024-03-07;18:05:33.0000000;2;6,5
2024/03/07 6:05:33 pm EET;Female;84;;Economic & Management Sciences;;;;;0;3;5-8;0;0;No;Yes;"Close";2024-03-07;18:05:33.0000000;0;6,5
2024/03/07 6:05:57 pm EET;Male;85;1st Year;Science;88;Private accommodation/ stay with family/friends;R 4001- R 5000;Yes (NSFAS, etc...);8;Only weekends;0;0;0;Yes;Yes;"Distant";2024-03-07;18:05:57.0000000;8;0
2024/03/07 6:06:00 pm EET;Female;72;2nd Year;Arts & Social Sciences;61;Private accommodation/ stay with family/friends;R 4001- R 5000;No;3-5;Only weekends;1-3;0;0;Yes;Yes;"Very close";2024-03-07;18:06:00.0000000;4;2
2024/03/07 6:06:21 pm EET;Male;73;1st Year;Economic & Management Sciences;52;Private accommodation/ stay with family/friends;R 4001- R 5000;No;3-5;2;1-3;1;4;No;Yes;"Very close";2024-03-07;18:06:21.0000000;4;2
2024/03/07 6:07:35 pm EET;Female;76;Postgraduate;Economic & Management Sciences;79;Private accommodation/ stay with family/friends;R 8000+;No;5-8;2;1-3;0;0;No;Yes;"Very close";2024-03-07;18:07:35.0000000;6,5;2
2024/03/07 6:08:05 pm EET;Male;76;1st Year;Engineering;56;Non-private accommodation ie. Res;R 4001- R 5000;No;8;Only weekends;1-3;0;0;Yes;Yes;"Close";2024-03-07;18:08:05.0000000;8;2
2024/03/07 6:08:50 pm EET;Male;82;2nd Year;Arts & Social Sciences;70;Non-private accommodation ie. Res;R 4001- R 5000;No;1-3;2;8;4;0;Yes;Yes;"Close";2024-03-07;18:08:50.0000000;2;8
2024/03/07 6:10:05 pm EET;Male;82;2nd Year;Economic & Management Sciences;60;Private accommodation/ stay with family/friends;R 4001- R 5000;No;8;1;5-8;0;0;No;Yes;"Very close";2024-03-07;18:10:05.0000000;8;6,5
2024/03/07 6:11:08 pm EET;Male;68;2nd Year;AgriSciences;57;Private accommodation/ stay with family/friends;R 4001- R 5000;No;3-5;1;5-8;1;3;Yes;No;"Close";2024-03-07;18:11:08.0000000;4;6,5
2024/03/07 6:11:14 pm EET;Female;84;1st Year;Science;64;Private accommodation/ stay with family/friends;R 4001- R 5000;No;1-3;2;3-5;1;0;No;Yes;"Very close";2024-03-07;18:11:14.0000000;2;4
2024/03/07 6:11:21 pm EET;Male;79;2nd Year;Economic & Management Sciences;60;Private accommodation/ stay with family/friends;R 8000+;No;8;1;5-8;2;2;No;No;"Close";2024-03-07;18:11:21.0000000;8;6,5
2024/03/07 6:11:41 pm EET;Male;89;2nd Year;Economic & Management Sciences;74;Non-private accommodation ie. Res;R 4001- R 5000;No;3-5;1;3-5;0;0;No;Yes;"Very close";2024-03-07;18:11:41.0000000;4;4
2024/03/07 6:12:43 pm EET;Female;82;2nd Year;Education;73;Private accommodation/ stay with family/friends;R 5001 - R 6000;No;3-5;Only weekends;5-8;0;0;Yes;Yes;"Close";2024-03-07;18:12:43.0000000;4;6,5
2024/03/07 6:12:47 pm EET;Female;83;2nd Year;Economic & Management Sciences;51;Private accommodation/ stay with family/friends;R 4001- R 5000;No;8;Only weekends;1-3;0;4;Yes;Yes;"Fair";2024-03-07;18:12:47.0000000;8;2
2024/03/07 6:15:14 pm EET;Male;76;;Economic & Management Sciences;;Private accommodation/ stay with family/friends;R 5001 - R 6000;No;5-8;3;8;2;0;No;Yes;"Very close";2024-03-07;18:15:14.0000000;6,5;8
2024/03/07 6:15:31 pm EET;Male;83;2nd Year;Engineering;60;Non-private accommodation ie. Res;R 4001- R 5000;No;5-8;3;5-8;4;1;No;Yes;"Very close";2024-03-07;18:15:31.0000000;6,5;6,5
2024/03/07 6:15:48 pm EET;Female;76;2nd Year;Economic & Management Sciences;60;Private accommodation/ stay with family/friends;R 5001 - R 6000;No;3-5;3;5-8;2;2;No;Yes;"Very close";2024-03-07;18:15:48.0000000;4;6,5
2024/03/07 6:16:12 pm EET;Male;82;1st Year;Economic & Management Sciences;65;Private accommodation/ stay with family/friends;;Yes (NSFAS, etc...);1-3;0;0;0;0;No;No;"Close";2024-03-07;18:16:12.0000000;2;0
2024/03/07 6:16:51 pm EET;Female;76;1st Year;Arts & Social Sciences;54;Private accommodation/ stay with family/friends;R 5001 - R 6000;No;1-3;4;5-8;4;3;Yes;Yes;"Very close";2024-03-07;18:16:51.0000000;2;6,5
2024/03/07 6:19:15 pm EET;Male;78;1st Year;Science;65;Non-private accommodation ie. Res;R 5001 - R 6000;No;1-3;Only weekends;0;0;2;No;Yes;"Very close";2024-03-07;18:19:15.0000000;2;0
2024/03/07 6:23:51 pm EET;Male;79;2nd Year;Economic & Management Sciences;64;Private accommodation/ stay with family/friends;R 5001 - R 6000;No;3-5;2;3-5;3;3;Yes;Yes;"Very close";2024-03-07;18:23:51.0000000;4;4
2024/03/07 6:23:58 pm EET;Female;72;1st Year;Economic & Management Sciences;61;Private accommodation/ stay with family/friends;R 4001- R 5000;No;3-5;1;0;0;1;No;Yes;"Very close";2024-03-07;18:23:58.0000000;4;0
2024/03/07 6:25:59 pm EET;Male;65;;Science;;Private accommodation/ stay with family/friends;R 6001 - R 7000;Yes (NSFAS, etc...);3-5;2;8;1;0;No;Yes;"Very close";2024-03-07;18:25:59.0000000;4;8
2024/03/07 6:26:53 pm EET;Male;70;Postgraduate;AgriSciences;68;Private accommodation/ stay with family/friends;R 4001- R 5000;No;1-3;3;3-5;2;0;No;Yes;"Very close";2024-03-07;18:26:53.0000000;2;4
2024/03/07 6:27:21 pm EET;Male;72;2nd Year;Economic & Management Sciences;53;Private accommodation/ stay with family/friends;R 4001- R 5000;No;5-8;Only weekends;8;0;4;Yes;Yes;"Close";2024-03-07;18:27:21.0000000;6,5;8
2024/03/07 6:28:20 pm EET;Female;74;1st Year;Economic & Management Sciences;73;Non-private accommodation ie. Res;;Yes (NSFAS, etc...);3-5;1;3-5;0;0;Yes;No;"Close";2024-03-07;18:28:20.0000000;4;4
2024/03/07 6:28:39 pm EET;Female;76;1st Year;Economic & Management Sciences;50;Non-private accommodation ie. Res;R 7001 - R 8000;No;0;Only weekends;5-8;0;4;Yes;Yes;"Very close";2024-03-07;18:28:39.0000000;0;6,5
2024/03/07 6:33:23 pm EET;Female;81;1st Year;AgriSciences;64;Private accommodation/ stay with family/friends;R 4001- R 5000;No;1-3;1;5-8;1;0;No;No;"Close";2024-03-07;18:33:23.0000000;2;6,5
2024/03/07 6:34:12 pm EET;Female;85;2nd Year;Economic & Management Sciences;73;Private accommodation/ stay with family/friends;R 5001 - R 6000;No;8;2;1-3;4;0;Yes;Yes;"Very close";2024-03-07;18:34:12.0000000;8;2
2024/03/07 6:34:17 pm EET;Female;85;2nd Year;Economic & Management Sciences;73;Private accommodation/ stay with family/friends;R 5001 - R 6000;No;8;2;1-3;4;0;Yes;Yes;"Very close";2024-03-07;18:34:17.0000000;8;2
2024/03/07 6:37:49 pm EET;Female;80;2nd Year;Economic & Management Sciences;50;Private accommodation/ stay with family/friends;R 5001 - R 6000;No;5-8;1;1-3;0;1;Yes;Yes;"Very close";2024-03-07;18:37:49.0000000;6,5;2
2024/03/07 6:39:00 pm EET;Female;84;2nd Year;Economic & Management Sciences;68;Private accommodation/ stay with family/friends;R 6001 - R 7000;No;5-8;3;3-5;1;0;No;Yes;"Very close";2024-03-07;18:39:00.0000000;6,5;4
2024/03/07 6:42:55 pm EET;Male;69;4th Year;AgriSciences;65;Private accommodation/ stay with family/friends;R 7001 - R 8000;No;5-8;2;8;2;2;No;Yes;"Very close";2024-03-07;18:42:55.0000000;6,5;8
2024/03/07 6:43:25 pm EET;Male;76;4th Year;Economic & Management Sciences;71;Private accommodation/ stay with family/friends;R 5001 - R 6000;No;1-3;1;5-8;0;0;No;Yes;"Very close";2024-03-07;18:43:25.0000000;2;6,5
2024/03/07 6:44:27 pm EET;Female;78;2nd Year;Arts & Social Sciences;65;Private accommodation/ stay with family/friends;R 5001 - R 6000;No;5-8;Only weekends;3-5;2;1;No;Yes;"Close";2024-03-07;18:44:27.0000000;6,5;4
2024/03/07 6:46:11 pm EET;Male;72;3rd Year;AgriSciences;60;Private accommodation/ stay with family/friends;;Yes (NSFAS, etc...);3-5;Only weekends;5-8;2;4;No;Yes;"Close";2024-03-07;18:46:11.0000000;4;6,5
2024/03/07 6:56:36 pm EET;Female;88;2nd Year;Economic & Management Sciences;72;Private accommodation/ stay with family/friends;R 4001- R 5000;No;8;1;1-3;1;0;Yes;Yes;"Fair";2024-03-07;18:56:36.0000000;8;2
2024/03/07 6:56:38 pm EET;Female;92;3rd Year;Science;70;Private accommodation/ stay with family/friends;R 7001 - R 8000;No;3-5;4;8;2;0;No;Yes;"Very close";2024-03-07;18:56:38.0000000;4;8
2024/03/07 6:59:23 pm EET;Female;85;;Arts & Social Sciences;;;;No;1-3;1;3-5;0;0;No;No;"Close";2024-03-07;18:59:23.0000000;2;4
2024/03/07 7:02:56 pm EET;Male;74;3rd Year;Economic & Management Sciences;77;Private accommodation/ stay with family/friends;R 6001 - R 7000;No;3-5;1;8;1;0;Yes;Yes;"Very close";2024-03-07;19:02:56.0000000;4;8
2024/03/07 7:03:36 pm EET;Male;78;2nd Year;AgriSciences;60;Non-private accommodation ie. Res;R 4001- R 5000;No;0;3;8;4;0;No;Yes;"Close";2024-03-07;19:03:36.0000000;0;8
2024/03/07 7:07:32 pm EET;Female;90;1st Year;Economic & Management Sciences;75;Non-private accommodation ie. Res;R 4001- R 5000;Yes (NSFAS, etc...);3-5;Only weekends;1-3;0;1;No;Yes;"Close";2024-03-07;19:07:32.0000000;4;2
2024/03/07 7:09:17 pm EET;Male;84;2nd Year;Economic & Management Sciences;68;Non-private accommodation ie. Res;R 4001- R 5000;No;1-3;4;5-8;0;0;No;Yes;"Close";2024-03-07;19:09:17.0000000;2;6,5
2024/03/07 7:12:26 pm EET;Female;91.86;2nd Year;Economic & Management Sciences;65.89;Private accommodation/ stay with family/friends;;Yes (NSFAS, etc...);8;0;0;0;1;No;No;"Very close";2024-03-07;19:12:26.0000000;8;0
2024/03/07 7:14:33 pm EET;Male;80;4th Year;Economic & Management Sciences;63;Private accommodation/ stay with family/friends;R 5001 - R 6000;No;8;Only weekends;5-8;0;2;Yes;Yes;"Very close";2024-03-07;19:14:33.0000000;8;6,5
2024/03/07 7:15:06 pm EET;Male;71;2nd Year;Economic & Management Sciences;55;Private accommodation/ stay with family/friends;R 6001 - R 7000;No;8;Only weekends;8;2;2;Yes;Yes;"Very close";2024-03-07;19:15:06.0000000;8;8
2024/03/07 7:18:00 pm EET;Female;80;2nd Year;Economic & Management Sciences;73;Private accommodation/ stay with family/friends;R 7001 - R 8000;No;3-5;1;1-3;1;0;Yes;No;"Very close";2024-03-07;19:18:00.0000000;4;2
2024/03/07 7:18:59 pm EET;Female;75;2nd Year;Arts & Social Sciences;80;Private accommodation/ stay with family/friends;R 6001 - R 7000;No;3-5;Only weekends;5-8;0;0;No;Yes;"Close";2024-03-07;19:18:59.0000000;4;6,5
2024/03/07 7:19:12 pm EET;Female;69;;Economic & Management Sciences;;;;No;3-5;1;1-3;0;0;Yes;Yes;"Very close";2024-03-07;19:19:12.0000000;4;2
2024/03/07 7:21:59 pm EET;Male;82;2nd Year;Economic & Management Sciences;69;Non-private accommodation ie. Res;R 4001- R 5000;No;0;4;8;0;0;No;No;"Very close";2024-03-07;19:21:59.0000000;0;8
2024/03/07 7:23:00 pm EET;Female;80;2nd Year;Arts & Social Sciences;70;Private accommodation/ stay with family/friends;R 6001 - R 7000;No;8;3;3-5;4;0;Yes;Yes;"Very close";2024-03-07;19:23:00.0000000;8;4
2024/03/07 7:33:31 pm EET;Female;74;;Science;;Private accommodation/ stay with family/friends;R 6001 - R 7000;No;8;2;1-3;0;0;No;Yes;"Very close";2024-03-07;19:33:31.0000000;8;2
2024/03/07 7:35:56 pm EET;Male;73;2nd Year;Economic & Management Sciences;73.5;Private accommodation/ stay with family/friends;R 4001- R 5000;No;8;Only weekends;3-5;0;0;Yes;Yes;"Very close";2024-03-07;19:35:56.0000000;8;4
2024/03/07 7:41:48 pm EET;Male;74;;Economic & Management Sciences;;Private accommodation/ stay with family/friends;R 4001- R 5000;No;3-5;1;1-3;0;0;No;Yes;"Very close";2024-03-07;19:41:48.0000000;4;2
2024/03/07 7:45:38 pm EET;Female;84;2nd Year;Science;70;Private accommodation/ stay with family/friends;;No;8;1;5-8;0;0;Yes;Yes;"Very close";2024-03-07;19:45:38.0000000;8;6,5
2024/03/07 7:53:26 pm EET;Male;63;1st Year;Economic & Management Sciences;68;Private accommodation/ stay with family/friends;R 4001- R 5000;No;3-5;3;8;1;0;No;Yes;"Close";2024-03-07;19:53:26.0000000;4;8
2024/03/07 7:53:39 pm EET;Female;73;;Economic & Management Sciences;;;R 4001- R 5000;No;1-3;1;5-8;0;0;No;Yes;"Very close";2024-03-07;19:53:39.0000000;2;6,5
2024/03/07 7:54:01 pm EET;Male;78;;Economic & Management Sciences;;Private accommodation/ stay with family/friends;R 5001 - R 6000;No;5-8;1;5-8;3;0;No;Yes;"Very close";2024-03-07;19:54:01.0000000;6,5;6,5
2024/03/07 7:54:43 pm EET;Female;74;3rd Year;AgriSciences;63;Private accommodation/ stay with family/friends;;Yes (NSFAS, etc...);3-5;Only weekends;0;0;0;No;No;"Close";2024-03-07;19:54:43.0000000;4;0
2024/03/07 7:54:47 pm EET;Female;79;1st Year;Education;77;Private accommodation/ stay with family/friends;R 7001 - R 8000;Yes (NSFAS, etc...);5-8;3;1-3;0;0;No;Yes;"Very close";2024-03-07;19:54:47.0000000;6,5;2
2024/03/07 7:54:54 pm EET;Female;81;2nd Year;Science;70;Private accommodation/ stay with family/friends;R 4001- R 5000;No;3-5;Only weekends;1-3;0;1;No;No;"Very close";2024-03-07;19:54:54.0000000;4;2
2024/03/07 7:55:07 pm EET;Female;82;2nd Year;Economic & Management Sciences;60;Private accommodation/ stay with family/friends;R 7001 - R 8000;No;8;2;1-3;0;4;No;Yes;"Very close";2024-03-07;19:55:07.0000000;8;2
2024/03/07 7:55:47 pm EET;Female;75;3rd Year;Economic & Management Sciences;50;Private accommodation/ stay with family/friends;R 7001 - R 8000;No;0;Only weekends;3-5;0;4;Yes;Yes;"Very close";2024-03-07;19:55:47.0000000;0;4
2024/03/07 8:02:29 pm EET;Female;;1st Year;Science;60;Private accommodation/ stay with family/friends;R 4001- R 5000;No;3-5;2;0;1;1;No;Yes;"Very close";2024-03-07;20:02:29.0000000;4;0
2024/03/07 8:06:35 pm EET;Female;72;1st Year;Arts & Social Sciences;73;Private accommodation/ stay with family/friends;R 4001- R 5000;No;1-3;Only weekends;5-8;0;0;No;Yes;"Close";2024-03-07;20:06:35.0000000;2;6,5
2024/03/07 8:07:03 pm EET;Male;79;;Engineering;;;R 6001 - R 7000;;3-5;0;0;0;0;No;Yes;"Close";2024-03-07;20:07:03.0000000;4;0
2024/03/07 8:07:03 pm EET;Female;70;2nd Year;Arts & Social Sciences;65;Private accommodation/ stay with family/friends;R 4001- R 5000;Yes (NSFAS, etc...);1-3;3;0;0;1;Yes;Yes;"Fair";2024-03-07;20:07:03.0000000;2;0
2024/03/07 8:07:15 pm EET;Female;86;2nd Year;Science;75;Private accommodation/ stay with family/friends;R 4001- R 5000;No;5-8;Only weekends;3-5;0;0;No;Yes;"Fair";2024-03-07;20:07:15.0000000;6,5;4
2024/03/07 8:10:53 pm EET;Male;76;1st Year;AgriSciences;62;Private accommodation/ stay with family/friends;R 5001 - R 6000;No;8;1;5-8;3;0;No;Yes;"Very close";2024-03-07;20:10:53.0000000;8;6,5
2024/03/07 8:11:46 pm EET;Male;80;1st Year;Economic & Management Sciences;63;Non-private accommodation ie. Res;R 4001- R 5000;No;8;3;5-8;3;0;No;Yes;"Fair";2024-03-07;20:11:46.0000000;8;6,5
2024/03/07 8:13:02 pm EET;Male;76;3rd Year;Science;62;Private accommodation/ stay with family/friends;R 5001 - R 6000;No;8;1;5-8;1;3;Yes;No;"Fair";2024-03-07;20:13:02.0000000;8;6,5
2024/03/07 8:14:46 pm EET;Male;75;1st Year;Science;60;Private accommodation/ stay with family/friends;R 4001- R 5000;No;5-8;3;8;3;2;No;Yes;"Very close";2024-03-07;20:14:46.0000000;6,5;8
2024/03/07 8:16:42 pm EET;Female;83;3rd Year;Economic & Management Sciences;55;Private accommodation/ stay with family/friends;R 5001 - R 6000;No;8;Only weekends;1-3;0;1;Yes;Yes;"Very close";2024-03-07;20:16:42.0000000;8;2
2024/03/07 8:17:11 pm EET;Female;70;1st Year;Economic & Management Sciences;65;Private accommodation/ stay with family/friends;R 5001 - R 6000;No;8;2;5-8;1;0;Yes;Yes;"Very close";2024-03-07;20:17:11.0000000;8;6,5
2024/03/07 8:21:30 pm EET;Female;70;1st Year;Science;57;Private accommodation/ stay with family/friends;R 5001 - R 6000;Yes (NSFAS, etc...);8;Only weekends;1-3;0;1;Yes;Yes;"Very close";2024-03-07;20:21:30.0000000;8;2
2024/03/07 8:23:39 pm EET;Female;81;2nd Year;Arts & Social Sciences;72;Private accommodation/ stay with family/friends;R 4001- R 5000;Yes (NSFAS, etc...);3-5;2;3-5;0;0;No;Yes;"Very close";2024-03-07;20:23:39.0000000;4;4
2024/03/07 8:25:15 pm EET;Male;86;;Engineering;;Private accommodation/ stay with family/friends;R 4001- R 5000;No;8;0;5-8;1;0;Yes;Yes;"Very close";2024-03-07;20:25:15.0000000;8;6,5
2024/03/07 8:25:17 pm EET;Male;75;2nd Year;Science;50;Private accommodation/ stay with family/friends;R 6001 - R 7000;No;1-3;Only weekends;3-5;0;4;Yes;Yes;"Close";2024-03-07;20:25:17.0000000;2;4
2024/03/07 8:25:25 pm EET;Male;83;2nd Year;Economic & Management Sciences;51;Private accommodation/ stay with family/friends;R 4001- R 5000;No;5-8;Only weekends;3-5;0;4;Yes;Yes;"Very close";2024-03-07;20:25:25.0000000;6,5;4
2024/03/07 8:31:09 pm EET;Female;77;1st Year;AgriSciences;;Private accommodation/ stay with family/friends;R 4001- R 5000;No;5-8;Only weekends;1-3;0;0;No;Yes;"Very close";2024-03-07;20:31:09.0000000;6,5;2
2024/03/07 8:35:19 pm EET;Male;92;4th Year;Economic & Management Sciences;88;Private accommodation/ stay with family/friends;R 5001 - R 6000;No;8;Only weekends;1-3;0;0;No;Yes;"Very close";2024-03-07;20:35:19.0000000;8;2
2024/03/07 8:41:19 pm EET;Male;72;1st Year;Economic & Management Sciences;54;Private accommodation/ stay with family/friends;R 6001 - R 7000;No;1-3;3;8;4;3;No;Yes;"Very close";2024-03-07;20:41:19.0000000;2;8
2024/03/07 8:44:24 pm EET;Female;83;1st Year;Science;68;Private accommodation/ stay with family/friends;R 6001 - R 7000;No;5-8;3;1-3;0;0;No;Yes;"Very close";2024-03-07;20:44:24.0000000;6,5;2
2024/03/07 8:52:04 pm EET;Male;79;2nd Year;Economic & Management Sciences;59;Non-private accommodation ie. Res;R 4001- R 5000;No;8;1;5-8;0;3;No;Yes;"Very close";2024-03-07;20:52:04.0000000;8;6,5
2024/03/07 8:54:01 pm EET;Male;83;1st Year;Economic & Management Sciences;;Non-private accommodation ie. Res;R 6001 - R 7000;No;1-3;2;5-8;0;0;No;Yes;"Close";2024-03-07;20:54:01.0000000;2;6,5
2024/03/07 8:55:37 pm EET;Male;67;1st Year;Economic & Management Sciences;65;Private accommodation/ stay with family/friends;R 5001 - R 6000;No;1-3;2;5-8;2;0;No;Yes;"Close";2024-03-07;20:55:37.0000000;2;6,5
2024/03/07 8:55:40 pm EET;Male;67;1st Year;Economic & Management Sciences;77;Non-private accommodation ie. Res;R 5001 - R 6000;No;5-8;2;8;0;0;No;Yes;"Very close";2024-03-07;20:55:40.0000000;6,5;8
2024/03/07 8:55:47 pm EET;Female;71;1st Year;Economic & Management Sciences;62;Private accommodation/ stay with family/friends;R 8000+;No;3-5;Only weekends;1-3;0;1;No;Yes;"Very close";2024-03-07;20:55:47.0000000;4;2
2024/03/07 8:56:01 pm EET;Female;60;1st Year;Economic & Management Sciences;;Private accommodation/ stay with family/friends;R 4001- R 5000;No;1-3;Only weekends;0;0;1;No;No;"Close";2024-03-07;20:56:01.0000000;2;0
2024/03/07 8:57:08 pm EET;Male;78;1st Year;Economic & Management Sciences;60;Private accommodation/ stay with family/friends;R 4001- R 5000;No;3-5;0;0;0;1;No;No;"Very close";2024-03-07;20:57:08.0000000;4;0
2024/03/07 8:57:17 pm EET;Female;83;1st Year;Economic & Management Sciences;84;Private accommodation/ stay with family/friends;R 4001- R 5000;No;0;2;0;0;0;Yes;Yes;"Fair";2024-03-07;20:57:17.0000000;0;0
2024/03/07 8:57:29 pm EET;Female;76;1st Year;Economic & Management Sciences;70;Private accommodation/ stay with family/friends;R 8000+;No;3-5;Only weekends;3-5;0;1;No;Yes;"Very close";2024-03-07;20:57:29.0000000;4;4
2024/03/07 8:57:39 pm EET;Female;75;1st Year;Economic & Management Sciences;60;Private accommodation/ stay with family/friends;R 8000+;No;0;3;8;1;0;Yes;Yes;"Very close";2024-03-07;20:57:39.0000000;0;8
2024/03/07 8:58:08 pm EET;Male;80;3rd Year;Economic & Management Sciences;63;Private accommodation/ stay with family/friends;R 5001 - R 6000;No;1-3;2;5-8;3;0;Yes;Yes;"Very close";2024-03-07;20:58:08.0000000;2;6,5
2024/03/07 9:01:08 pm EET;Female;78;1st Year;Economic & Management Sciences;80;Non-private accommodation ie. Res;R 6001 - R 7000;No;1-3;2;5-8;1;0;Yes;Yes;"Close";2024-03-07;21:01:08.0000000;2;6,5
2024/03/07 9:03:43 pm EET;Female;67;1st Year;Economic & Management Sciences;78;Private accommodation/ stay with family/friends;R 5001 - R 6000;No;1-3;1;5-8;1;1;Yes;Yes;"Very close";2024-03-07;21:03:43.0000000;2;6,5
2024/03/07 9:05:14 pm EET;Female;70;2nd Year;Economic & Management Sciences;76;Non-private accommodation ie. Res;R 4001- R 5000;No;1-3;2;3-5;1;0;No;Yes;"Very close";2024-03-07;21:05:14.0000000;2;4
2024/03/07 9:05:47 pm EET;Female;67;2nd Year;Arts & Social Sciences;63;Private accommodation/ stay with family/friends;R 4001- R 5000;No;3-5;Only weekends;1-3;0;2;No;No;"Close";2024-03-07;21:05:47.0000000;4;2
2024/03/07 9:07:53 pm EET;Male;85;3rd Year;Science;65;Non-private accommodation ie. Res;R 5001 - R 6000;No;3-5;0;5-8;0;2;No;Yes;"Close";2024-03-07;21:07:53.0000000;4;6,5
2024/03/07 9:09:03 pm EET;Female;73;2nd Year;Economic & Management Sciences;58;Private accommodation/ stay with family/friends;R 5001 - R 6000;No;3-5;Only weekends;1-3;0;2;No;No;"Fair";2024-03-07;21:09:03.0000000;4;2
2024/03/07 9:11:04 pm EET;Male;84;2nd Year;Economic & Management Sciences;67;Private accommodation/ stay with family/friends;R 5001 - R 6000;No;5-8;1;8;1;0;No;Yes;"Very close";2024-03-07;21:11:04.0000000;6,5;8
2024/03/07 9:11:21 pm EET;Male;76;1st Year;Economic & Management Sciences;59;Private accommodation/ stay with family/friends;R 4001- R 5000;No;1-3;2;8;2;0;No;Yes;"Very close";2024-03-07;21:11:21.0000000;2;8
2024/03/07 9:12:49 pm EET;Female;65;2nd Year;Arts & Social Sciences;65;Private accommodation/ stay with family/friends;R 4001- R 5000;No;5-8;Only weekends;1-3;0;2;No;No;"Close";2024-03-07;21:12:49.0000000;6,5;2
2024/03/07 9:14:18 pm EET;Male;87;3rd Year;Economic & Management Sciences;74;Non-private accommodation ie. Res;R 4001- R 5000;Yes (NSFAS, etc...);8;2;8;3;0;No;Yes;"Very close";2024-03-07;21:14:18.0000000;8;8
2024/03/07 9:14:19 pm EET;Male;72;2nd Year;Economic & Management Sciences;60;Private accommodation/ stay with family/friends;;Yes (NSFAS, etc...);8;Only weekends;5-8;0;0;No;Yes;"Close";2024-03-07;21:14:19.0000000;8;6,5
2024/03/07 9:14:34 pm EET;Female;78;2nd Year;Economic & Management Sciences;64;Private accommodation/ stay with family/friends;R 5001 - R 6000;No;5-8;2;5-8;4;4;Yes;Yes;"Very close";2024-03-07;21:14:34.0000000;6,5;6,5
2024/03/07 9:16:56 pm EET;Male;80;2nd Year;Engineering;65;Non-private accommodation ie. Res;R 4001- R 5000;Yes (NSFAS, etc...);3-5;1;1-3;1;4;Yes;No;"Fair";2024-03-07;21:16:56.0000000;4;2
2024/03/07 9:18:49 pm EET;Female;67;1st Year;Economic & Management Sciences;80;Private accommodation/ stay with family/friends;R 4001- R 5000;No;1-3;3;5-8;2;0;No;Yes;"Close";2024-03-07;21:18:49.0000000;2;6,5
2024/03/07 9:24:34 pm EET;Male;72;1st Year;Arts & Social Sciences;64;Private accommodation/ stay with family/friends;R 6001 - R 7000;No;5-8;3;8;0;0;No;Yes;"Very close";2024-03-07;21:24:34.0000000;6,5;8
2024/03/07 9:25:57 pm EET;Female;75;2nd Year;Economic & Management Sciences;75;Private accommodation/ stay with family/friends;R 4001- R 5000;No;5-8;0;1-3;0;0;Yes;Yes;"Very close";2024-03-07;21:25:57.0000000;6,5;2
2024/03/07 9:27:52 pm EET;Female;82;2nd Year;Economic & Management Sciences;72;Private accommodation/ stay with family/friends;R 5001 - R 6000;No;3-5;3;1-3;0;0;No;Yes;"Close";2024-03-07;21:27:52.0000000;4;2
2024/03/07 9:27:53 pm EET;Female;94;;Engineering;;Private accommodation/ stay with family/friends;R 5001 - R 6000;No;3-5;2;1-3;0;0;No;Yes;"Very close";2024-03-07;21:27:53.0000000;4;2
2024/03/07 9:32:42 pm EET;Female;81;2nd Year;Arts & Social Sciences;;Private accommodation/ stay with family/friends;R 5001 - R 6000;No;8;2;3-5;1;0;No;Yes;"Very close";2024-03-07;21:32:42.0000000;8;4
2024/03/07 9:40:47 pm EET;Male;82;3rd Year;Economic & Management Sciences;63;Private accommodation/ stay with family/friends;R 5001 - R 6000;No;8;1;3-5;0;0;Yes;Yes;"Close";2024-03-07;21:40:47.0000000;8;4
2024/03/07 9:44:28 pm EET;Female;80;3rd Year;Education;74;Private accommodation/ stay with family/friends;R 7001 - R 8000;No;5-8;2;1-3;0;0;No;Yes;"Very close";2024-03-07;21:44:28.0000000;6,5;2
2024/03/07 9:55:22 pm EET;Female;65;3rd Year;Economic & Management Sciences;60;Private accommodation/ stay with family/friends;R 4001- R 5000;No;5-8;Only weekends;1-3;0;1;No;No;"Very close";2024-03-07;21:55:22.0000000;6,5;2
2024/03/07 9:56:16 pm EET;Male;85;2nd Year;Economic & Management Sciences;60;Private accommodation/ stay with family/friends;R 4001- R 5000;No;8;1;5-8;2;2;No;Yes;"Very close";2024-03-07;21:56:16.0000000;8;6,5
2024/03/07 9:59:38 pm EET;Male;69;2nd Year;Economic & Management Sciences;55;Private accommodation/ stay with family/friends;R 5001 - R 6000;No;0;1;3-5;0;1;Yes;Yes;"Very close";2024-03-07;21:59:38.0000000;0;4
2024/03/07 10:07:26 pm EET;Female;68;1st Year;Economic & Management Sciences;55;Private accommodation/ stay with family/friends;R 4001- R 5000;Yes (NSFAS, etc...);3-5;0;0;0;1;No;No;"Very close";2024-03-07;10:07:26.0000000;4;0
2024/03/07 10:07:30 pm EET;Male;72;1st Year;Economic & Management Sciences;58;Private accommodation/ stay with family/friends;R 6001 - R 7000;No;1-3;3;8;2;0;No;Yes;"Very close";2024-03-07;10:07:30.0000000;2;8
2024/03/07 10:08:29 pm EET;Male;84;1st Year;Science;92;Non-private accommodation ie. Res;R 5001 - R 6000;No;3-5;Only weekends;8;0;0;Yes;Yes;"Very close";2024-03-07;10:08:29.0000000;4;8
2024/03/07 10:17:06 pm EET;Male;70;3rd Year;Economic & Management Sciences;53;Private accommodation/ stay with family/friends;R 4001- R 5000;No;3-5;1;8;4;4;Yes;Yes;"Very close";2024-03-07;10:17:06.0000000;4;8
2024/03/07 10:19:09 pm EET;Male;82;3rd Year;Economic & Management Sciences;77;Non-private accommodation ie. Res;R 5001 - R 6000;Yes (NSFAS, etc...);8;0;0;0;0;No;Yes;"Close";2024-03-07;10:19:09.0000000;8;0
2024/03/07 10:20:49 pm EET;Male;84;4th Year;Economic & Management Sciences;63;Non-private accommodation ie. Res;;Yes (NSFAS, etc...);8;Only weekends;5-8;0;4;Yes;Yes;"Close";2024-03-07;10:20:49.0000000;8;6,5
2024/03/07 10:25:16 pm EET;Female;70;1st Year;Economic & Management Sciences;70;Private accommodation/ stay with family/friends;R 4001- R 5000;No;1-3;Only weekends;1-3;1;0;Yes;Yes;"Very close";2024-03-07;10:25:16.0000000;2;2
2024/03/07 10:25:45 pm EET;Female;78;2nd Year;Economic & Management Sciences;57;Private accommodation/ stay with family/friends;R 8000+;No;5-8;3;5-8;0;4;No;Yes;"Very close";2024-03-07;10:25:45.0000000;6,5;6,5
2024/03/07 10:28:49 pm EET;Female;95;2nd Year;Engineering;87.6;Private accommodation/ stay with family/friends;R 8000+;No;8;Only weekends;1-3;0;0;No;Yes;"Very close";2024-03-07;10:28:49.0000000;8;2
2024/03/07 10:31:42 pm EET;Female;75;1st Year;Economic & Management Sciences;60;Private accommodation/ stay with family/friends;R 4001- R 5000;Yes (NSFAS, etc...);3-5;Only weekends;1-3;0;0;Yes;No;"Close";2024-03-07;10:31:42.0000000;4;2
2024/03/07 10:31:47 pm EET;Female;80;4th Year;Economic & Management Sciences;55;Private accommodation/ stay with family/friends;R 5001 - R 6000;No;3-5;1;1-3;1;4;No;Yes;"Very close";2024-03-07;10:31:47.0000000;4;2
2024/03/07 10:46:19 pm EET;Female;73;2nd Year;Science;;Private accommodation/ stay with family/friends;R 4001- R 5000;No;0;0;0;0;4;No;Yes;"Very close";2024-03-07;10:46:19.0000000;0;0
2024/03/07 10:53:04 pm EET;Male;86;1st Year;Science;73;Non-private accommodation ie. Res;R 7001 - R 8000;No;8;2;3-5;4;0;No;Yes;"Very close";2024-03-07;10:53:04.0000000;8;4
2024/03/07 10:53:04 pm EET;Male;84;1st Year;Science;76;Private accommodation/ stay with family/friends;R 7001 - R 8000;No;8;1;3-5;2;0;No;Yes;"Very close";2024-03-07;10:53:04.0000000;8;4
2024/03/07 10:53:09 pm EET;Female;82;2nd Year;Arts & Social Sciences;68;Private accommodation/ stay with family/friends;R 4001- R 5000;No;3-5;1;8;1;3;No;Yes;"Very close";2024-03-07;10:53:09.0000000;4;8
2024/03/07 11:13:49 pm EET;Male;73;2nd Year;Economic & Management Sciences;57;Private accommodation/ stay with family/friends;R 4001- R 5000;Yes (NSFAS, etc...);8;1;1-3;1;3;No;No;"Close";2024-03-07;11:13:49.0000000;8;2
2024/03/07 11:18:02 pm EET;Female;75;1st Year;AgriSciences;63;Private accommodation/ stay with family/friends;R 5001 - R 6000;No;8;2;1-3;2;0;Yes;Yes;"Close";2024-03-07;11:18:02.0000000;8;2
2024/03/07 11:19:26 pm EET;Male;74;1st Year;Economic & Management Sciences;64;Private accommodation/ stay with family/friends;R 4001- R 5000;Yes (NSFAS, etc...);5-8;1;8;1;0;No;Yes;"Very close";2024-03-07;11:19:26.0000000;6,5;8
2024/03/07 11:19:53 pm EET;Male;83;;Economic & Management Sciences;;Private accommodation/ stay with family/friends;R 8000+;No;3-5;Only weekends;1-3;0;0;No;Yes;"Very close";2024-03-07;11:19:53.0000000;4;2
2024/03/07 11:19:54 pm EET;Male;34;;Economic & Management Sciences;;Private accommodation/ stay with family/friends;R 4001- R 5000;No;5-8;Only weekends;5-8;1;0;No;Yes;"Very close";2024-03-07;11:19:54.0000000;6,5;6,5
2024/03/07 11:20:06 pm EET;Male;68;1st Year;Economic & Management Sciences;55;Non-private accommodation ie. Res;R 4001- R 5000;No;1-3;3;8;4;1;No;No;"Very close";2024-03-07;11:20:06.0000000;2;8
2024/03/07 11:20:18 pm EET;Male;78;1st Year;Science;76;Private accommodation/ stay with family/friends;R 6001 - R 7000;No;1-3;3;3-5;4;0;No;No;"Very close";2024-03-07;11:20:18.0000000;2;4
2024/03/07 11:20:21 pm EET;Male;74;;Economic & Management Sciences;;Private accommodation/ stay with family/friends;R 4001- R 5000;No;0;2;5-8;3;0;No;Yes;"Very close";2024-03-07;11:20:21.0000000;0;6,5
2024/03/07 11:20:23 pm EET;Male;79;;Economic & Management Sciences;;Private accommodation/ stay with family/friends;R 4001- R 5000;Yes (NSFAS, etc...);8;3;8;0;0;No;Yes;"Very close";2024-03-07;11:20:23.0000000;8;8
2024/03/07 11:20:59 pm EET;Male;77;1st Year;Economic & Management Sciences;65;Private accommodation/ stay with family/friends;R 5001 - R 6000;No;5-8;1;8;2;0;No;Yes;"Close";2024-03-07;11:20:59.0000000;6,5;8
2024/03/07 11:21:23 pm EET;Female;79;1st Year;Economic & Management Sciences;71;Private accommodation/ stay with family/friends;R 8000+;No;8;2;5-8;0;0;Yes;No;"Fair";2024-03-07;11:21:23.0000000;8;6,5
2024/03/07 11:22:41 pm EET;Male;71;;Economic & Management Sciences;;Private accommodation/ stay with family/friends;R 4001- R 5000;Yes (NSFAS, etc...);3-5;2;8;1;0;Yes;Yes;"Very close";2024-03-07;11:22:41.0000000;4;8
2024/03/07 11:23:21 pm EET;Male;78;1st Year;Economic & Management Sciences;73;Private accommodation/ stay with family/friends;R 6001 - R 7000;No;5-8;3;8;2;2;No;Yes;"Fair";2024-03-07;11:23:21.0000000;6,5;8
2024/03/07 11:25:48 pm EET;Male;86.4;1st Year;Engineering;57;Non-private accommodation ie. Res;R 4001- R 5000;No;1-3;2;8;2;0;Yes;Yes;"Very close";2024-03-07;11:25:48.0000000;2;8
2024/03/07 11:27:13 pm EET;Male;73;;Science;;Private accommodation/ stay with family/friends;R 4001- R 5000;No;3-5;Only weekends;8;0;0;No;Yes;"Very close";2024-03-07;11:27:13.0000000;4;8
2024/03/07 11:30:11 pm EET;Male;83;;Engineering;;Private accommodation/ stay with family/friends;R 4001- R 5000;No;8;1;5-8;1;0;No;Yes;"Very close";2024-03-07;11:30:11.0000000;8;6,5
2024/03/07 11:30:21 pm EET;Male;82;Postgraduate;Engineering;62;Private accommodation/ stay with family/friends;R 7001 - R 8000;No;8;1;8;0;1;Yes;Yes;"Very close";2024-03-07;11:30:21.0000000;8;8
2024/03/07 11:30:49 pm EET;Male;;;Arts & Social Sciences;;Private accommodation/ stay with family/friends;R 8000+;No;;Only weekends;5-8;2;0;Yes;Yes;"Very close";2024-03-07;11:30:49.0000000;0;6,5
2024/03/07 11:31:34 pm EET;Male;60;1st Year;Economic & Management Sciences;75;Private accommodation/ stay with family/friends;R 4001- R 5000;No;1-3;1;5-8;0;0;Yes;Yes;"Very close";2024-03-07;11:31:34.0000000;2;6,5
2024/03/07 11:35:55 pm EET;Male;84;1st Year;Science;69;Private accommodation/ stay with family/friends;R 5001 - R 6000;Yes (NSFAS, etc...);5-8;2;3-5;0;0;No;Yes;"Very close";2024-03-07;11:35:55.0000000;6,5;4
2024/03/07 11:37:28 pm EET;Male;85;;Engineering;;Private accommodation/ stay with family/friends;R 4001- R 5000;No;1-3;2;3-5;1;0;Yes;No;"Fair";2024-03-07;11:37:28.0000000;2;4
2024/03/07 11:37:29 pm EET;Male;75;1st Year;Economic & Management Sciences;65;Private accommodation/ stay with family/friends;R 5001 - R 6000;No;3-5;4;5-8;4;0;Yes;Yes;"Close";2024-03-07;11:37:29.0000000;4;6,5
2024/03/07 11:42:16 pm EET;Male;81;2nd Year;Economic & Management Sciences;64;Private accommodation/ stay with family/friends;R 6001 - R 7000;No;8;1;8;2;3;Yes;Yes;"Very close";2024-03-07;11:42:16.0000000;8;8
2024/03/07 11:43:48 pm EET;Female;85;2nd Year;Science;76;Private accommodation/ stay with family/friends;R 6001 - R 7000;No;8;1;1-3;1;2;No;Yes;"Very close";2024-03-07;11:43:48.0000000;8;2
2024/03/07 11:46:09 pm EET;Male;95.5;Postgraduate;Engineering;65;Private accommodation/ stay with family/friends;R 4001- R 5000;Yes (NSFAS, etc...);8;3;8;0;0;Yes;Yes;"Fair";2024-03-07;11:46:09.0000000;8;8
2024/03/07 11:48:05 pm EET;Male;80;;Engineering;;Private accommodation/ stay with family/friends;R 4001- R 5000;Yes (NSFAS, etc...);8;Only weekends;3-5;0;0;No;Yes;"Very close";2024-03-07;11:48:05.0000000;8;4
2024/03/07 11:56:04 pm EET;Male;74;;Economic & Management Sciences;;Private accommodation/ stay with family/friends;R 4001- R 5000;Yes (NSFAS, etc...);1-3;Only weekends;8;2;0;Yes;Yes;"Close";2024-03-07;11:56:04.0000000;2;8
2024/03/07 11:57:33 pm EET;Male;76;1st Year;Science;60;Private accommodation/ stay with family/friends;R 5001 - R 6000;No;1-3;1;8;1;1;No;Yes;"Close";2024-03-07;11:57:33.0000000;2;8
2024/03/08 12:00:27 am EET;Male;87;1st Year;Economic & Management Sciences;72;Non-private accommodation ie. Res;;No;5-8;1;5-8;1;0;No;Yes;"Very close";2024-03-08;00:00:27.0000000;6,5;6,5
2024/03/08 12:25:41 am EET;Female;68;2nd Year;Arts & Social Sciences;69;Private accommodation/ stay with family/friends;;No;8;Only weekends;1-3;0;0;Yes;Yes;"Fair";2024-03-08;00:25:41.0000000;8;2
2024/03/08 1:55:49 am EET;Male;74;1st Year;Economic & Management Sciences;;Non-private accommodation ie. Res;R 5001 - R 6000;No;3-5;2;5-8;4;0;No;Yes;"Close";2024-03-08;01:55:49.0000000;4;6,5
2024/03/08 4:50:24 am EET;Male;81;;Engineering;;Private accommodation/ stay with family/friends;R 4001- R 5000;No;5-8;1;3-5;0;0;No;Yes;"Very close";2024-03-08;04:50:24.0000000;6,5;4
2024/03/08 5:47:58 am EET;Female;65;;Economic & Management Sciences;;Private accommodation/ stay with family/friends;R 4001- R 5000;No;5-8;Only weekends;5-8;0;0;Yes;Yes;"Very close";2024-03-08;05:47:58.0000000;6,5;6,5
2024/03/08 6:30:51 am EET;Male;72;3rd Year;Law;68;Private accommodation/ stay with family/friends;R 8000+;No;8;3;5-8;0;0;Yes;Yes;"Close";2024-03-08;06:30:51.0000000;8;6,5
2024/03/08 6:32:27 am EET;Male;76;2nd Year;Economic & Management Sciences;64;Private accommodation/ stay with family/friends;R 8000+;No;8;3;5-8;2;1;Yes;Yes;"Close";2024-03-08;06:32:27.0000000;8;6,5
2024/03/08 6:56:49 am EET;Male;75;;Economic & Management Sciences;;Private accommodation/ stay with family/friends;R 5001 - R 6000;No;3-5;2;1-3;0;0;No;Yes;"Close";2024-03-08;06:56:49.0000000;4;2
2024/03/08 7:08:19 am EET;Female;71;1st Year;Education;67;Private accommodation/ stay with family/friends;R 4001- R 5000;Yes (NSFAS, etc...);5-8;2;5-8;3;1;No;Yes;"Very close";2024-03-08;07:08:19.0000000;6,5;6,5
2024/03/08 7:18:34 am EET;Female;72;1st Year;AgriSciences;77;Private accommodation/ stay with family/friends;R 4001- R 5000;No;3-5;1;3-5;0;0;Yes;Yes;"Very close";2024-03-08;07:18:34.0000000;4;4
2024/03/08 7:28:55 am EET;Male;80;;Arts & Social Sciences;;Private accommodation/ stay with family/friends;R 8000+;No;3-5;1;8;0;0;No;Yes;"Close";2024-03-08;07:28:55.0000000;4;8
2024/03/08 7:39:45 am EET;Female;78;2nd Year;Arts & Social Sciences;83;Private accommodation/ stay with family/friends;R 7001 - R 8000;No;8;Only weekends;3-5;0;0;No;Yes;"Very close";2024-03-08;07:39:45.0000000;8;4
2024/03/08 8:07:23 am EET;Female;74;1st Year;Economic & Management Sciences;;Private accommodation/ stay with family/friends;R 7001 - R 8000;No;5-8;3;3-5;0;0;Yes;Yes;"Very close";2024-03-08;08:07:23.0000000;6,5;4
2024/03/08 8:11:39 am EET;Female;87;2nd Year;Science;61;Private accommodation/ stay with family/friends;R 5001 - R 6000;No;8;3;1-3;0;1;Yes;Yes;"Very close";2024-03-08;08:11:39.0000000;8;2
2024/03/08 8:27:36 am EET;Female;76;1st Year;Economic & Management Sciences;65;Private accommodation/ stay with family/friends;R 5001 - R 6000;No;5-8;Only weekends;1-3;0;0;No;Yes;"Very close";2024-03-08;08:27:36.0000000;6,5;2
2024/03/08 8:31:40 am EET;Male;76;2nd Year;Economic & Management Sciences;65;Private accommodation/ stay with family/friends;R 4001- R 5000;No;3-5;3;5-8;0;2;No;Yes;"Very close";2024-03-08;08:31:40.0000000;4;6,5
2024/03/08 8:34:42 am EET;Female;94;2nd Year;Economic & Management Sciences;67;Non-private accommodation ie. Res;R 4001- R 5000;No;8;Only weekends;1-3;0;1;No;Yes;"Very close";2024-03-08;08:34:42.0000000;8;2
2024/03/08 8:35:05 am EET;Female;78;1st Year;Engineering;58;Private accommodation/ stay with family/friends;R 6001 - R 7000;No;5-8;2;3-5;2;0;No;Yes;"Very close";2024-03-08;08:35:05.0000000;6,5;4
2024/03/08 8:47:37 am EET;Male;65;;Economic & Management Sciences;;Private accommodation/ stay with family/friends;;No;1-3;3;5-8;1;0;No;Yes;"Very close";2024-03-08;08:47:37.0000000;2;6,5
2024/03/08 8:58:27 am EET;Female;84;2nd Year;Economic & Management Sciences;61;Private accommodation/ stay with family/friends;R 5001 - R 6000;No;1-3;2;5-8;3;0;Yes;Yes;"Close";2024-03-08;08:58:27.0000000;2;6,5
2024/03/08 9:12:18 am EET;Female;83;;Science;;Private accommodation/ stay with family/friends;R 4001- R 5000;No;8;1;3-5;0;0;No;Yes;"Very close";2024-03-08;09:12:18.0000000;8;4
2024/03/08 9:15:32 am EET;Female;79;2nd Year;Economic & Management Sciences;77;Private accommodation/ stay with family/friends;R 5001 - R 6000;No;1-3;1;1-3;0;0;Yes;Yes;"Close";2024-03-08;09:15:32.0000000;2;2
2024/03/08 9:19:29 am EET;Male;76;;Arts & Social Sciences;;;R 4001- R 5000;No;1-3;1;8;1;0;Yes;Yes;"Very close";2024-03-08;09:19:29.0000000;2;8
2024/03/08 9:30:31 am EET;Male;80;2nd Year;Science;57;Private accommodation/ stay with family/friends;R 4001- R 5000;No;3-5;1;5-8;1;1;No;Yes;"Close";2024-03-08;09:30:31.0000000;4;6,5
2024/03/08 9:41:55 am EET;Male;79;;Economic & Management Sciences;;;R 6001 - R 7000;No;5-8;3;5-8;2;0;No;Yes;"Close";2024-03-08;09:41:55.0000000;6,5;6,5
2024/03/08 9:50:48 am EET;Male;67;1st Year;Economic & Management Sciences;30;Private accommodation/ stay with family/friends;R 4001- R 5000;No;1-3;4;8;4;4;No;Yes;"Very close";2024-03-08;09:50:48.0000000;2;8
2024/03/08 10:01:13 am EET;Female;76;1st Year;Economic & Management Sciences;80;Private accommodation/ stay with family/friends;R 4001- R 5000;No;1-3;2;8;1;4;No;Yes;"Very close";2024-03-08;10:01:13.0000000;2;8
2024/03/08 10:06:03 am EET;Male;72;1st Year;Economic & Management Sciences;65;Private accommodation/ stay with family/friends;R 6001 - R 7000;No;5-8;1;8;0;0;Yes;Yes;"Fair";2024-03-08;10:06:03.0000000;6,5;8
2024/03/08 10:15:05 am EET;Male;73;1st Year;Arts & Social Sciences;70;Private accommodation/ stay with family/friends;R 7001 - R 8000;No;3-5;2;5-8;1;0;No;Yes;"Very close";2024-03-08;10:15:05.0000000;4;6,5
2024/03/08 10:32:14 am EET;Male;78;1st Year;Economic & Management Sciences;83;Private accommodation/ stay with family/friends;R 4001- R 5000;No;1-3;3;8;2;0;Yes;Yes;"Very close";2024-03-08;10:32:14.0000000;2;8
2024/03/08 10:45:42 am EET;Male;84;;Economic & Management Sciences;;Non-private accommodation ie. Res;R 7001 - R 8000;No;5-8;3;8;4;0;No;Yes;"Very close";2024-03-08;10:45:42.0000000;6,5;8
2024/03/08 10:52:45 am EET;Male;82;1st Year;Engineering;73;Private accommodation/ stay with family/friends;R 5001 - R 6000;No;8;2;3-5;0;0;No;Yes;"Very close";2024-03-08;10:52:45.0000000;8;4
2024/03/08 10:54:38 am EET;Female;75;1st Year;Economic & Management Sciences;89;Private accommodation/ stay with family/friends;R 6001 - R 7000;No;5-8;0;3-5;0;0;Yes;Yes;"Very close";2024-03-08;10:54:38.0000000;6,5;4
2024/03/08 11:03:19 am EET;Male;67;2nd Year;Economic & Management Sciences;81;Private accommodation/ stay with family/friends;R 5001 - R 6000;No;8;3;5-8;1;1;No;Yes;"Very close";2024-03-08;11:03:19.0000000;8;6,5
2024/03/08 11:20:55 am EET;Female;78;2nd Year;Economic & Management Sciences;71;Private accommodation/ stay with family/friends;R 4001- R 5000;No;5-8;2;3-5;2;0;No;Yes;"Fair";2024-03-08;11:20:55.0000000;6,5;4
2024/03/08 11:30:52 am EET;Female;79;1st Year;Economic & Management Sciences;76;Private accommodation/ stay with family/friends;R 5001 - R 6000;No;1-3;2;3-5;0;0;Yes;Yes;"Very close";2024-03-08;11:30:52.0000000;2;4
2024/03/08 11:46:01 am EET;Female;89;2nd Year;Economic & Management Sciences;80;Private accommodation/ stay with family/friends;R 8000+;No;3-5;3;3-5;1;0;Yes;Yes;"Very close";2024-03-08;11:46:01.0000000;4;4
2024/03/08 12:08:02 pm EET;Female;;1st Year;Economic & Management Sciences;;Non-private accommodation ie. Res;R 4001- R 5000;No;5-8;2;3-5;0;0;Yes;Yes;"Very close";2024-03-08;00:08:02.0000000;6,5;4
2024/03/08 12:28:48 pm EET;Male;73;2nd Year;Medicine and Health Services;62;Private accommodation/ stay with family/friends;R 4001- R 5000;No;3-5;1;5-8;1;0;No;Yes;"Close";2024-03-08;00:28:48.0000000;4;6,5
2024/03/08 12:54:48 pm EET;Male;85;2nd Year;Economic & Management Sciences;58;Non-private accommodation ie. Res;R 4001- R 5000;No;8;1;8;2;1;No;Yes;"Close";2024-03-08;00:54:48.0000000;8;8
2024/03/08 1:07:58 pm EET;Male;72;1st Year;Economic & Management Sciences;76;Private accommodation/ stay with family/friends;R 6001 - R 7000;No;0;1;3-5;0;4;No;Yes;"Fair";2024-03-08;13:07:58.0000000;0;4
2024/03/08 1:34:30 pm EET;Female;83;2nd Year;Arts & Social Sciences;72;Private accommodation/ stay with family/friends;R 6001 - R 7000;No;1-3;1;5-8;2;0;No;Yes;"Very close";2024-03-08;13:34:30.0000000;2;6,5
2024/03/08 2:08:49 pm EET;Male;83;2nd Year;Economic & Management Sciences;55;Non-private accommodation ie. Res;R 4001- R 5000;No;3-5;2;3-5;2;2;Yes;Yes;"Very close";2024-03-08;14:08:49.0000000;4;4
2024/03/08 2:25:01 pm EET;Female;78;2nd Year;Economic & Management Sciences;70;Private accommodation/ stay with family/friends;R 7001 - R 8000;Yes (NSFAS, etc...);1-3;1;3-5;1;1;Yes;Yes;"Close";2024-03-08;14:25:01.0000000;2;4
2024/03/08 2:45:33 pm EET;Male;66;3rd Year;AgriSciences;61;Private accommodation/ stay with family/friends;R 5001 - R 6000;No;1-3;2;8;1;2;No;Yes;"Very close";2024-03-08;14:45:33.0000000;2;8
2024/03/08 3:06:40 pm EET;Male;80;1st Year;Science;55;Private accommodation/ stay with family/friends;;No;3-5;2;8;3;1;Yes;Yes;"Very close";2024-03-08;15:06:40.0000000;4;8
2024/03/08 3:32:58 pm EET;Female;90;3rd Year;Economic & Management Sciences;73;Private accommodation/ stay with family/friends;R 5001 - R 6000;No;8;1;1-3;0;0;Yes;Yes;"Very close";2024-03-08;15:32:58.0000000;8;2
2024/03/08 4:16:40 pm EET;Male;71;;Economic & Management Sciences;;Private accommodation/ stay with family/friends;R 4001- R 5000;Yes (NSFAS, etc...);3-5;2;8;1;0;Yes;Yes;"Very close";2024-03-08;16:16:40.0000000;4;8
2024/03/08 4:29:09 pm EET;Male;82;3rd Year;Engineering;74;Private accommodation/ stay with family/friends;R 5001 - R 6000;No;8;0;5-8;0;0;Yes;Yes;"Close";2024-03-08;16:29:09.0000000;8;6,5
2024/03/08 4:33:50 pm EET;Male;77;3rd Year;Law;63;Private accommodation/ stay with family/friends;R 6001 - R 7000;No;3-5;1;8;3;1;No;Yes;"Close";2024-03-08;16:33:50.0000000;4;8
2024/03/08 4:34:38 pm EET;Female;83;3rd Year;Engineering;61;Private accommodation/ stay with family/friends;R 5001 - R 6000;No;8;Only weekends;5-8;1;1;Yes;Yes;"Very close";2024-03-08;16:34:38.0000000;8;6,5
2024/03/08 4:35:19 pm EET;Male;76;2nd Year;Science;58;Non-private accommodation ie. Res;R 4001- R 5000;No;3-5;1;5-8;2;0;No;Yes;"Very close";2024-03-08;16:35:19.0000000;4;6,5
2024/03/08 4:36:55 pm EET;Male;77;2nd Year;Economic & Management Sciences;61;Private accommodation/ stay with family/friends;R 6001 - R 7000;No;5-8;2;8;2;2;;No;"Close";2024-03-08;16:36:55.0000000;6,5;8
2024/03/08 4:37:51 pm EET;Female;76;3rd Year;Science;63;Private accommodation/ stay with family/friends;R 5001 - R 6000;No;1-3;3;1-3;0;0;Yes;Yes;"Very close";2024-03-08;16:37:51.0000000;2;2
2024/03/08 4:38:33 pm EET;Female;73;1st Year;Engineering;59;Private accommodation/ stay with family/friends;R 4001- R 5000;No;8;Only weekends;1-3;0;0;Yes;Yes;"Very close";2024-03-08;16:38:33.0000000;8;2
2024/03/08 4:39:53 pm EET;Male;74;2nd Year;Economic & Management Sciences;56;Non-private accommodation ie. Res;R 4001- R 5000;Yes (NSFAS, etc...);8;1;1-3;1;0;Yes;No;"Fair";2024-03-08;16:39:53.0000000;8;2
2024/03/08 4:40:34 pm EET;Male;68;1st Year;Arts & Social Sciences;54;Private accommodation/ stay with family/friends;R 8000+;No;1-3;2;5-8;2;2;No;No;"Close";2024-03-08;16:40:34.0000000;2;6,5
2024/03/08 5:50:07 pm EET;Female;55;2nd Year;Economic & Management Sciences;61;Private accommodation/ stay with family/friends;R 4001- R 5000;No;5-8;0;0;0;4;No;;"Fair";2024-03-08;17:50:07.0000000;6,5;0
2024/03/08 6:43:44 pm EET;Male;80;2nd Year;Law;60;Non-private accommodation ie. Res;R 4001- R 5000;Yes (NSFAS, etc...);1-3;1;5-8;0;3;Yes;Yes;"Fair";2024-03-08;18:43:44.0000000;2;6,5
2024/03/08 6:54:05 pm EET;Male;68;1st Year;AgriSciences;;;R 4001- R 5000;No;8;Only weekends;8;4;4;No;Yes;"Very close";2024-03-08;18:54:05.0000000;8;8
2024/03/08 7:10:07 pm EET;Female;65;2nd Year;Economic & Management Sciences;80;Private accommodation/ stay with family/friends;R 5001 - R 6000;No;0;4;8;0;0;No;Yes;"Very close";2024-03-08;19:10:07.0000000;0;8
2024/03/08 9:37:48 pm EET;Male;75;3rd Year;Economic & Management Sciences;80;Private accommodation/ stay with family/friends;R 4001- R 5000;No;5-8;Only weekends;1-3;0;0;No;Yes;"Very close";2024-03-08;21:37:48.0000000;6,5;2
2024/03/09 9:53:21 am EET;Male;76;1st Year;Economic & Management Sciences;70;Private accommodation/ stay with family/friends;;No;1-3;3;8;2;0;Yes;No;"Very close";2024-03-09;09:53:21.0000000;2;8
2024/03/09 12:11:10 pm EET;Male;71;1st Year;Economic & Management Sciences;77;Private accommodation/ stay with family/friends;R 5001 - R 6000;No;3-5;2;3-5;1;0;No;Yes;"Very close";2024-03-09;00:11:10.0000000;4;4
2024/03/09 12:35:28 pm EET;Female;85;2nd Year;Engineering;60;Private accommodation/ stay with family/friends;R 5001 - R 6000;No;8;Only weekends;5-8;0;2;No;Yes;"Close";2024-03-09;00:35:28.0000000;8;6,5
2024/03/09 3:06:37 pm EET;Female;78;;Economic & Management Sciences;;;;;8;1;1-3;0;0;Yes;Yes;"Close";2024-03-09;15:06:37.0000000;8;2
2024/03/09 3:12:44 pm EET;Male;70;1st Year;Economic & Management Sciences;76;Private accommodation/ stay with family/friends;R 4001- R 5000;No;5-8;Only weekends;1-3;1;0;Yes;No;"Very close";2024-03-09;15:12:44.0000000;6,5;2
2024/03/09 4:31:38 pm EET;Female;74;2nd Year;Medicine and Health Services;69.7;Private accommodation/ stay with family/friends;R 5001 - R 6000;No;5-8;3;8;2;0;Yes;Yes;"Very close";2024-03-09;16:31:38.0000000;6,5;8
2024/03/09 4:41:44 pm EET;Male;86;2nd Year;Economic & Management Sciences;85;Private accommodation/ stay with family/friends;R 5001 - R 6000;No;0;1;3-5;0;2;Yes;Yes;"Fair";2024-03-09;16:41:44.0000000;0;4
2024/03/09 9:57:06 pm EET;Male;83;2nd Year;Economic & Management Sciences;70;Private accommodation/ stay with family/friends;R 7001 - R 8000;No;8;3;8;2;1;Yes;Yes;"Close";2024-03-09;21:57:06.0000000;8;8
2024/03/10 12:56:37 pm EET;Male;78;2nd Year;Economic & Management Sciences;63;Private accommodation/ stay with family/friends;R 5001 - R 6000;No;8;1;5-8;0;3;No;Yes;"Close";2024-03-10;00:56:37.0000000;8;6,5
2024/03/10 12:58:47 pm EET;Male;83;2nd Year;Economic & Management Sciences;63;Non-private accommodation ie. Res;R 4001- R 5000;No;1-3;4;3-5;1;0;No;No;"Very close";2024-03-10;00:58:47.0000000;2;4
2024/03/10 1:02:07 pm EET;Male;78;3rd Year;Economic & Management Sciences;66;Private accommodation/ stay with family/friends;;No;8;2;0;0;1;No;Yes;"Fair";2024-03-10;13:02:07.0000000;8;0
2024/03/10 2:48:41 pm EET;Female;76;;Economic & Management Sciences;60;;R 7001 - R 8000;No;3-5;3;3-5;2;0;Yes;Yes;"Close";2024-03-10;14:48:41.0000000;4;4
2024/03/10 6:14:48 pm EET;Female;86;;Engineering;;;R 6001 - R 7000;No;3-5;1;8;0;0;No;Yes;"Very close";2024-03-10;18:14:48.0000000;4;8
2024/03/10 8:03:18 pm EET;Male;78;1st Year;Economic & Management Sciences;85;Private accommodation/ stay with family/friends;R 4001- R 5000;No;1-3;2;5-8;1;0;No;Yes;"Very close";2024-03-10;20:03:18.0000000;2;6,5
2024/03/10 8:08:34 pm EET;Male;75;3rd Year;Engineering;59;Private accommodation/ stay with family/friends;R 4001- R 5000;No;3-5;Only weekends;3-5;0;2;Yes;No;"Close";2024-03-10;20:08:34.0000000;4;4
2024/03/10 11:07:34 pm EET;Female;87;2nd Year;Economic & Management Sciences;74;Non-private accommodation ie. Res;R 4001- R 5000;No;3-5;2;1-3;0;0;No;No;"Fair";2024-03-10;11:07:34.0000000;4;2
2024/03/11 1:03:10 pm EET;Male;77;1st Year;Economic & Management Sciences;64;Private accommodation/ stay with family/friends;R 4001- R 5000;No;0;4;1-3;0;0;Yes;Yes;"Very close";2024-03-11;13:03:10.0000000;0;2
2024/03/11 2:06:31 pm EET;Male;85;Postgraduate;AgriSciences;78;Private accommodation/ stay with family/friends;R 6001 - R 7000;No;8;3;8;0;0;Yes;Yes;"Very close";2024-03-11;14:06:31.0000000;8;8
2024/03/11 2:06:41 pm EET;Male;60;2nd Year;Arts & Social Sciences;50;Private accommodation/ stay with family/friends;R 4001- R 5000;No;3-5;2;5-8;0;3;No;Yes;"Fair";2024-03-11;14:06:41.0000000;4;6,5
2024/03/11 2:06:54 pm EET;Female;80;;Economic & Management Sciences;;Private accommodation/ stay with family/friends;R 5001 - R 6000;No;3-5;Only weekends;1-3;0;0;No;Yes;"Very close";2024-03-11;14:06:54.0000000;4;2
2024/03/11 2:06:55 pm EET;Male;77;;Economic & Management Sciences;;Private accommodation/ stay with family/friends;R 6001 - R 7000;No;5-8;3;5-8;0;0;No;Yes;"Very close";2024-03-11;14:06:55.0000000;6,5;6,5
2024/03/11 2:07:05 pm EET;Male;80;2nd Year;Science;50;Private accommodation/ stay with family/friends;R 5001 - R 6000;No;8;1;1-3;0;3;No;No;"Close";2024-03-11;14:07:05.0000000;8;2
2024/03/11 2:07:20 pm EET;Female;80;3rd Year;Law;75;Private accommodation/ stay with family/friends;R 6001 - R 7000;No;8;Only weekends;1-3;1;1;No;No;"Fair";2024-03-11;14:07:20.0000000;8;2
2024/03/11 2:07:27 pm EET;Female;76;;Science;;Private accommodation/ stay with family/friends;;No;3-5;1;3-5;0;0;No;Yes;"Very close";2024-03-11;14:07:27.0000000;4;4
2024/03/11 2:07:33 pm EET;Male;75;1st Year;Science;63;Private accommodation/ stay with family/friends;R 5001 - R 6000;No;3-5;Only weekends;3-5;0;0;No;Yes;"Very close";2024-03-11;14:07:33.0000000;4;4
2024/03/11 2:07:35 pm EET;Male;68;;Economic & Management Sciences;;Private accommodation/ stay with family/friends;R 7001 - R 8000;No;3-5;3;8;0;0;Yes;Yes;"Very close";2024-03-11;14:07:35.0000000;4;8
2024/03/11 2:07:50 pm EET;Male;76;1st Year;Science;56;Private accommodation/ stay with family/friends;R 4001- R 5000;No;1-3;0;0;0;1;No;Yes;"Very close";2024-03-11;14:07:50.0000000;2;0
2024/03/11 2:08:39 pm EET;Female;82;;Economic & Management Sciences;;Private accommodation/ stay with family/friends;;No;5-8;Only weekends;1-3;0;0;Yes;Yes;"Very close";2024-03-11;14:08:39.0000000;6,5;2
2024/03/11 2:09:11 pm EET;Female;83;1st Year;Arts & Social Sciences;61;Private accommodation/ stay with family/friends;R 5001 - R 6000;No;8;3;3-5;0;0;No;Yes;"Very close";2024-03-11;14:09:11.0000000;8;4
2024/03/11 2:09:53 pm EET;Male;80;1st Year;Arts & Social Sciences;74;Private accommodation/ stay with family/friends;R 4001- R 5000;No;3-5;2;5-8;1;0;Yes;Yes;"Very close";2024-03-11;14:09:53.0000000;4;6,5
2024/03/11 2:09:56 pm EET;Male;78;;Science;;Private accommodation/ stay with family/friends;R 7001 - R 8000;No;1-3;4;3-5;3;0;Yes;Yes;"Very close";2024-03-11;14:09:56.0000000;2;4
2024/03/11 2:10:29 pm EET;Female;70;2nd Year;Economic & Management Sciences;60;Private accommodation/ stay with family/friends;R 4001- R 5000;No;8;Only weekends;3-5;0;0;No;Yes;"Close";2024-03-11;14:10:29.0000000;8;4
2024/03/11 2:11:49 pm EET;Male;86;2nd Year;Economic & Management Sciences;69;Private accommodation/ stay with family/friends;R 5001 - R 6000;No;1-3;2;8;2;0;Yes;Yes;"Very close";2024-03-11;14:11:49.0000000;2;8
2024/03/11 2:13:26 pm EET;Female;72;;Education;;Private accommodation/ stay with family/friends;;No;8;Only weekends;3-5;0;0;Yes;Yes;"Very close";2024-03-11;14:13:26.0000000;8;4
2024/03/11 2:14:19 pm EET;Female;88;;Law;;;R 4001- R 5000;No;1-3;3;8;2;0;No;Yes;"Close";2024-03-11;14:14:19.0000000;2;8
2024/03/11 2:14:58 pm EET;Female;91.21;;Science;;Private accommodation/ stay with family/friends;R 4001- R 5000;No;1-3;1;1-3;3;0;No;Yes;"Very close";2024-03-11;14:14:58.0000000;2;2
2024/03/11 2:16:10 pm EET;Female;85;1st Year;Medicine and Health Services;60;Private accommodation/ stay with family/friends;R 4001- R 5000;No;1-3;2;3-5;3;0;Yes;Yes;"Very close";2024-03-11;14:16:10.0000000;2;4
2024/03/11 2:17:24 pm EET;Male;79;1st Year;Economic & Management Sciences;83;Private accommodation/ stay with family/friends;R 7001 - R 8000;No;8;3;1-3;0;0;Yes;Yes;"Very close";2024-03-11;14:17:24.0000000;8;2
2024/03/11 2:17:42 pm EET;Male;70;2nd Year;Economic & Management Sciences;56;Private accommodation/ stay with family/friends;R 8000+;No;3-5;4;8;2;3;No;Yes;"Very close";2024-03-11;14:17:42.0000000;4;8
2024/03/11 2:19:21 pm EET;Male;68;;Economic & Management Sciences;;Private accommodation/ stay with family/friends;R 6001 - R 7000;Yes (NSFAS, etc...);5-8;3;3-5;1;0;No;Yes;"Very close";2024-03-11;14:19:21.0000000;6,5;4
2024/03/11 2:39:34 pm EET;Female;75;1st Year;Arts & Social Sciences;65;Private accommodation/ stay with family/friends;R 4001- R 5000;No;1-3;Only weekends;3-5;0;2;Yes;Yes;"Very close";2024-03-11;14:39:34.0000000;2;4
2024/03/11 2:49:54 pm EET;Female;78;2nd Year;Medicine and Health Services;79;Private accommodation/ stay with family/friends;R 6001 - R 7000;No;1-3;1;1-3;0;0;Yes;Yes;"Very close";2024-03-11;14:49:54.0000000;2;2
2024/03/11 2:51:31 pm EET;Female;76;;Arts & Social Sciences;;;R 6001 - R 7000;;3-5;1;0;0;0;Yes;Yes;"Very close";2024-03-11;14:51:31.0000000;4;0
2024/03/11 2:56:07 pm EET;Male;76;2nd Year;Economic & Management Sciences;64;Private accommodation/ stay with family/friends;R 4001- R 5000;No;3-5;1;5-8;1;1;No;Yes;"Very close";2024-03-11;14:56:07.0000000;4;6,5
2024/03/11 2:59:36 pm EET;Male;76;2nd Year;Economic & Management Sciences;57;Private accommodation/ stay with family/friends;R 4001- R 5000;No;8;1;1-3;0;0;No;Yes;"Very close";2024-03-11;14:59:36.0000000;8;2
2024/03/11 3:00:04 pm EET;Female;85;1st Year;Economic & Management Sciences;58;Private accommodation/ stay with family/friends;R 8000+;No;1-3;3;3-5;2;0;Yes;Yes;"Close";2024-03-11;15:00:04.0000000;2;4
2024/03/11 3:08:15 pm EET;Male;96;;Economic & Management Sciences;;Private accommodation/ stay with family/friends;R 5001 - R 6000;No;8;Only weekends;0;0;0;No;No;"Very close";2024-03-11;15:08:15.0000000;8;0
2024/03/11 3:12:20 pm EET;Female;86;1st Year;Science;71;Private accommodation/ stay with family/friends;R 4001- R 5000;No;8;1;0;0;0;Yes;Yes;"Very close";2024-03-11;15:12:20.0000000;8;0
2024/03/11 3:52:53 pm EET;Male;78;3rd Year;Law;66;Private accommodation/ stay with family/friends;R 4001- R 5000;No;0;1;1-3;1;0;Yes;Yes;"Close";2024-03-11;15:52:53.0000000;0;2
2024/03/11 3:53:40 pm EET;Male;75;;Economic & Management Sciences;;Private accommodation/ stay with family/friends;R 6001 - R 7000;No;1-3;2;8;4;0;Yes;Yes;"Very close";2024-03-11;15:53:40.0000000;2;8
2024/03/11 3:55:29 pm EET;Male;74;;Science;;Private accommodation/ stay with family/friends;R 4001- R 5000;No;1-3;0;0;0;0;No;Yes;"Very close";2024-03-11;15:55:29.0000000;2;0
2024/03/11 4:11:36 pm EET;Male;75;;Economic & Management Sciences;;Private accommodation/ stay with family/friends;R 6001 - R 7000;No;3-5;1;1-3;0;0;Yes;Yes;"Fair";2024-03-11;16:11:36.0000000;4;2
2024/03/11 4:16:20 pm EET;Male;64;1st Year;Economic & Management Sciences;70;Private accommodation/ stay with family/friends;R 8000+;No;0;4;8;0;1;Yes;Yes;"Very close";2024-03-11;16:16:20.0000000;0;8
2024/03/11 4:16:58 pm EET;Female;78;1st Year;Economic & Management Sciences;51;Private accommodation/ stay with family/friends;R 4001- R 5000;No;1-3;2;5-8;1;0;No;Yes;"Close";2024-03-11;16:16:58.0000000;2;6,5
2024/03/11 4:26:13 pm EET;Male;76;1st Year;Science;58;Private accommodation/ stay with family/friends;R 5001 - R 6000;No;1-3;2;8;1;1;No;Yes;"Close";2024-03-11;16:26:13.0000000;2;8
2024/03/11 4:40:28 pm EET;Male;75;2nd Year;Economic & Management Sciences;80;Private accommodation/ stay with family/friends;R 8000+;No;0;4;8;4;0;No;No;"Very close";2024-03-11;16:40:28.0000000;0;8
2024/03/11 4:41:08 pm EET;Female;78;2nd Year;Medicine and Health Services;74;Private accommodation/ stay with family/friends;R 4001- R 5000;No;1-3;Only weekends;1-3;0;0;No;Yes;"Very close";2024-03-11;16:41:08.0000000;2;2
2024/03/11 5:11:29 pm EET;Male;86;1st Year;Economic & Management Sciences;70;Private accommodation/ stay with family/friends;R 4001- R 5000;No;5-8;2;3-5;2;0;Yes;Yes;"Fair";2024-03-11;17:11:29.0000000;6,5;4
2024/03/11 5:45:20 pm EET;Female;74;2nd Year;Economic & Management Sciences;60;Private accommodation/ stay with family/friends;R 6001 - R 7000;No;5-8;Only weekends;1-3;0;3;No;No;"Close";2024-03-11;17:45:20.0000000;6,5;2
2024/03/11 6:06:08 pm EET;Female;;;Engineering;;Private accommodation/ stay with family/friends;;No;3-5;Only weekends;1-3;0;0;No;Yes;"Very close";2024-03-11;18:06:08.0000000;4;2
2024/03/11 7:41:43 pm EET;Male;85;;Arts & Social Sciences;;;R 5001 - R 6000;No;3-5;Only weekends;3-5;0;0;No;Yes;"Very close";2024-03-11;19:41:43.0000000;4;4
2024/03/12 11:05:33 am EET;Female;74;;Science;;Private accommodation/ stay with family/friends;;No;3-5;3;1-3;0;0;No;Yes;"Close";2024-03-12;11:05:33.0000000;4;2
2024/03/12 3:26:14 pm EET;Female;73;2nd Year;Economic & Management Sciences;58;Private accommodation/ stay with family/friends;R 6001 - R 7000;Yes (NSFAS, etc...);5-8;1;8;0;0;Yes;Yes;"Very close";2024-03-12;15:26:14.0000000;6,5;8
2024/03/13 10:32:19 pm EET;Female;86;1st Year;Economic & Management Sciences;;Private accommodation/ stay with family/friends;R 4001- R 5000;No;5-8;2;3-5;1;0;No;Yes;"Very close";2024-03-13;10:32:19.0000000;6,5;4
2024/03/13 10:32:27 pm EET;Male;85;;Economic & Management Sciences;;Private accommodation/ stay with family/friends;R 4001- R 5000;No;1-3;4;5-8;4;0;No;Yes;"Close";2024-03-13;10:32:27.0000000;2;6,5
2024/03/16 10:30:36 pm EET;Female;80;1st Year;Economic & Management Sciences;63;Private accommodation/ stay with family/friends;R 5001 - R 6000;No;3-5;Only weekends;3-5;1;0;No;No;Close;2024-03-16;10:30:36.0000000;4;4
